id_przegladu|data_przegladu|cena|nazwa_firmy_przegladu|adres_firmy_przegladu|id_auta
1|03/09/2020|118|Przeglad Janex|P.O. Box 868, 1839 Ornare. Road|905
2|20/05/2020|193|Przeglad Janex|391-1653 Feugiat Av.|955
3|05/02/2021|156|Autko|P.O. Box 241, 438 Ac St.|168
4|05/03/2021|133|Cztery kolka|Ap #417-8870 Eleifend St.|810
5|02/03/2021|126|Cztery kolka|7269 Condimentum Rd.|845
6|01/08/2020|109|Polskie przeglady|Ap #208-1186 At Avenue|876
7|18/09/2020|115|Polskie przeglady|Ap #162-458 Fusce Road|911
8|18/02/2021|196|Autko|P.O. Box 150, 1712 Dictum Street|806
9|11/04/2021|190|Autko|P.O. Box 273, 5252 Purus, Road|356
10|23/06/2020|106|Polskie przeglady|Ap #647-7431 Scelerisque Ave|718
11|13/08/2020|152|Przeglad Janex|5492 Est, St.|155
12|20/10/2020|107|Polskie przeglady|2408 In Road|600
13|09/06/2020|200|Cztery kolka|531-2656 Vestibulum, Rd.|26
14|20/03/2021|108|Przeglad Janex|242-4103 Vivamus Street|208
15|10/01/2021|171|Cztery kolka|9669 Ante Rd.|424
16|11/11/2020|112|Przeglad Janex|197-8337 Montes, Rd.|783
17|06/01/2021|137|Cztery kolka|P.O. Box 915, 7720 Magna Rd.|220
18|28/12/2020|131|Przeglad Janex|893-8647 Torquent Avenue|449
19|13/11/2020|130|Autko|P.O. Box 244, 6482 Sed Rd.|46
20|01/09/2020|195|Polskie przeglady|494-4165 Volutpat. Rd.|61
21|30/10/2020|166|Polskie przeglady|Ap #165-1910 Etiam Street|421
22|14/06/2020|152|Przeglad Janex|P.O. Box 484, 4284 Facilisi. Street|717
23|20/06/2020|147|Polskie przeglady|4759 Mauris St.|545
24|06/06/2020|129|Cztery kolka|Ap #884-3476 Non Av.|676
25|06/06/2020|105|Autko|4341 Enim Ave|806
26|03/05/2021|118|Przeglad Janex|P.O. Box 457, 3622 Mauris Street|910
27|27/04/2021|187|Cztery kolka|8877 Erat. St.|815
28|10/08/2020|184|Polskie przeglady|240-4265 Adipiscing Ave|191
29|14/06/2020|159|Autko|Ap #997-651 Sed St.|50
30|09/10/2020|135|Cztery kolka|438-2916 Sodales. Street|243
31|03/09/2020|119|Polskie przeglady|507-6199 Non, Rd.|790
32|28/12/2020|164|Cztery kolka|P.O. Box 360, 7623 Tempus Ave|97
33|21/05/2020|134|Cztery kolka|Ap #750-6064 Tristique Street|857
34|17/05/2020|197|Cztery kolka|8439 Purus, Avenue|452
35|05/12/2020|151|Polskie przeglady|468-1588 Dis St.|639
36|20/06/2020|117|Cztery kolka|Ap #581-8076 Auctor Street|373
37|25/05/2020|113|Przeglad Janex|677-6751 Sociis Ave|247
38|13/08/2020|109|Cztery kolka|323-9349 Curabitur Rd.|449
39|22/06/2020|189|Polskie przeglady|P.O. Box 131, 5437 Varius. St.|905
40|13/08/2020|141|Przeglad Janex|Ap #110-8535 Nulla. St.|192
41|03/06/2020|126|Autko|Ap #488-5288 Dictum Street|597
42|29/01/2021|188|Przeglad Janex|Ap #437-1293 Tempus St.|118
43|05/07/2020|128|Przeglad Janex|P.O. Box 813, 4197 Faucibus. Road|908
44|11/03/2021|199|Cztery kolka|Ap #524-4241 At Avenue|162
45|15/06/2020|106|Przeglad Janex|4572 Erat Av.|224
46|15/03/2021|198|Przeglad Janex|7688 Diam Road|403
47|22/01/2021|157|Autko|6660 Egestas. St.|149
48|07/08/2020|155|Polskie przeglady|974-7409 In Av.|135
49|04/01/2021|183|Polskie przeglady|211-2157 Dolor. Av.|78
50|04/07/2020|189|Polskie przeglady|909 Dolor St.|112
51|02/01/2021|159|Polskie przeglady|6668 Mi Road|663
52|27/01/2021|190|Przeglad Janex|Ap #416-259 Imperdiet St.|825
53|30/06/2020|148|Cztery kolka|778-7468 Lorem. Rd.|363
54|21/01/2021|184|Cztery kolka|8967 Dis Ave|595
55|01/12/2020|153|Przeglad Janex|Ap #559-7357 Vivamus St.|874
56|10/03/2021|153|Przeglad Janex|Ap #104-1625 Elementum, Ave|338
57|10/10/2020|175|Polskie przeglady|P.O. Box 221, 1129 Sodales Street|21
58|05/10/2020|173|Polskie przeglady|174-4494 Ipsum Avenue|165
59|25/12/2020|196|Cztery kolka|P.O. Box 374, 1935 Turpis. St.|177
60|20/03/2021|164|Przeglad Janex|P.O. Box 699, 2992 Iaculis St.|161
61|01/03/2021|169|Cztery kolka|P.O. Box 705, 4422 Nisl Road|644
62|01/01/2021|184|Przeglad Janex|Ap #748-6428 Velit Road|925
63|10/01/2021|190|Przeglad Janex|Ap #239-751 Egestas. Road|39
64|17/11/2020|131|Cztery kolka|295-9749 Sollicitudin Street|897
65|15/02/2021|186|Cztery kolka|1184 Nisi. Avenue|710
66|06/10/2020|145|Polskie przeglady|2998 Euismod St.|942
67|18/02/2021|199|Polskie przeglady|216-3488 Sed St.|865
68|25/11/2020|135|Polskie przeglady|Ap #549-500 Vitae St.|490
69|29/10/2020|161|Przeglad Janex|Ap #597-5004 Nullam Ave|829
70|13/05/2020|149|Polskie przeglady|Ap #263-4333 Dictum Street|858
71|02/06/2020|104|Autko|6672 Euismod Street|803
72|01/07/2020|190|Polskie przeglady|P.O. Box 782, 5945 Donec St.|560
73|03/06/2020|125|Autko|Ap #913-526 Sit Rd.|691
74|03/05/2021|133|Cztery kolka|P.O. Box 440, 4111 Nisi Rd.|753
75|29/10/2020|118|Przeglad Janex|Ap #966-7582 Ac, Avenue|238
76|21/07/2020|152|Polskie przeglady|P.O. Box 325, 1749 Ac Street|148
77|22/06/2020|195|Autko|P.O. Box 724, 5056 Tellus St.|629
78|04/01/2021|145|Cztery kolka|928-8553 Morbi Avenue|106
79|31/12/2020|116|Autko|P.O. Box 151, 1169 Diam Av.|245
80|19/07/2020|120|Cztery kolka|956-506 Faucibus Road|877
81|03/09/2020|158|Przeglad Janex|270-7547 Sagittis Av.|260
82|27/01/2021|129|Autko|823-6497 Ipsum Rd.|377
83|05/06/2020|104|Przeglad Janex|P.O. Box 531, 1140 Nunc St.|180
84|15/04/2021|135|Przeglad Janex|Ap #645-6991 Turpis. Rd.|497
85|13/05/2020|187|Przeglad Janex|P.O. Box 704, 9377 Semper St.|737
86|30/04/2021|104|Autko|Ap #922-1787 Tortor, Ave|733
87|30/11/2020|109|Przeglad Janex|264-2318 Ut Rd.|963
88|19/10/2020|168|Cztery kolka|P.O. Box 712, 390 Eu Road|158
89|05/10/2020|142|Cztery kolka|Ap #261-8341 Turpis Avenue|865
90|11/12/2020|192|Autko|9535 Nunc Av.|13
91|23/12/2020|117|Cztery kolka|2361 Amet Av.|1000
92|30/08/2020|153|Autko|8876 Tristique Street|218
93|03/07/2020|165|Autko|3139 Leo. Avenue|663
94|10/10/2020|173|Przeglad Janex|720-4075 Massa. Rd.|217
95|02/01/2021|154|Cztery kolka|P.O. Box 300, 6741 Pede Road|973
96|05/03/2021|111|Autko|P.O. Box 921, 400 Vulputate, St.|460
97|02/01/2021|158|Cztery kolka|Ap #949-8326 Ultrices St.|123
98|27/07/2020|116|Polskie przeglady|Ap #518-8647 Orci, Rd.|419
99|01/05/2021|144|Cztery kolka|P.O. Box 369, 1645 Luctus, Street|214
100|22/12/2020|176|Cztery kolka|Ap #678-4313 Gravida. Rd.|447
101|26/12/2020|177|Przeglad Janex|P.O. Box 736, 7301 Pharetra Street|22
102|22/05/2020|112|Cztery kolka|Ap #462-4476 Nec St.|831
103|01/07/2020|162|Polskie przeglady|P.O. Box 361, 1338 Lectus. Rd.|501
104|07/12/2020|174|Autko|5698 Sollicitudin St.|754
105|13/02/2021|154|Przeglad Janex|7260 Ante. Street|985
106|01/07/2020|133|Polskie przeglady|Ap #137-8613 Quis, Road|616
107|24/08/2020|133|Cztery kolka|Ap #354-2553 Facilisis. St.|439
108|09/12/2020|185|Cztery kolka|P.O. Box 271, 6233 Risus Ave|740
109|20/09/2020|117|Przeglad Janex|495-3193 Curabitur Street|228
110|12/07/2020|105|Cztery kolka|399-3767 Quis St.|621
111|02/03/2021|177|Polskie przeglady|702-6955 Neque Rd.|66
112|31/10/2020|141|Cztery kolka|Ap #304-3604 Sem Avenue|898
113|30/10/2020|145|Przeglad Janex|9522 Hendrerit Street|586
114|07/05/2021|112|Polskie przeglady|6986 Phasellus St.|559
115|28/07/2020|167|Autko|203-5607 Risus Rd.|976
116|28/11/2020|134|Przeglad Janex|908-6701 Donec Road|220
117|03/11/2020|185|Autko|Ap #750-6917 Non Ave|312
118|13/06/2020|128|Przeglad Janex|Ap #841-797 Varius Avenue|105
119|18/06/2020|180|Autko|P.O. Box 705, 2397 Ligula. Road|753
120|23/08/2020|190|Cztery kolka|1288 Et, Rd.|339
121|29/05/2020|162|Przeglad Janex|177-846 Semper. Rd.|231
122|29/01/2021|115|Autko|5332 Mauris Ave|788
123|15/10/2020|145|Autko|Ap #412-1701 Erat Rd.|513
124|24/05/2020|147|Polskie przeglady|P.O. Box 683, 5166 Vitae St.|117
125|11/08/2020|173|Polskie przeglady|P.O. Box 526, 6244 Donec Av.|627
126|22/06/2020|126|Polskie przeglady|998-5808 Libero. Street|510
127|21/04/2021|151|Autko|Ap #974-7813 Ipsum. St.|258
128|22/05/2020|108|Cztery kolka|P.O. Box 553, 2531 Faucibus Ave|824
129|28/03/2021|113|Przeglad Janex|Ap #691-3168 Auctor Street|324
130|24/06/2020|116|Autko|286-2878 Ante Street|88
131|03/11/2020|146|Autko|P.O. Box 938, 5044 Luctus Avenue|482
132|19/06/2020|176|Przeglad Janex|8951 Cursus Street|955
133|23/01/2021|127|Cztery kolka|Ap #904-6111 Hendrerit Street|763
134|01/02/2021|117|Polskie przeglady|352-9287 Orci Ave|205
135|11/06/2020|178|Polskie przeglady|Ap #726-5782 Augue Rd.|451
136|16/08/2020|165|Przeglad Janex|P.O. Box 546, 1559 Sollicitudin Street|680
137|21/09/2020|126|Autko|P.O. Box 223, 9390 Et, Rd.|106
138|19/01/2021|134|Polskie przeglady|6868 Vivamus Avenue|611
139|03/05/2021|149|Cztery kolka|149-1150 Lacus. St.|770
140|15/10/2020|120|Autko|835-6950 Sagittis. Rd.|528
141|18/12/2020|176|Cztery kolka|Ap #304-925 Enim, St.|285
142|06/01/2021|184|Polskie przeglady|P.O. Box 259, 2834 Sem St.|241
143|23/04/2021|195|Autko|455-110 Curabitur St.|181
144|22/09/2020|193|Przeglad Janex|8327 Ultrices Street|520
145|08/08/2020|104|Polskie przeglady|Ap #779-5953 Placerat. Rd.|697
146|29/09/2020|103|Przeglad Janex|Ap #136-1154 Scelerisque Rd.|909
147|07/06/2020|104|Przeglad Janex|P.O. Box 601, 5897 Per Rd.|860
148|09/08/2020|107|Cztery kolka|7692 Lorem Rd.|265
149|18/09/2020|148|Polskie przeglady|P.O. Box 752, 3277 Cursus Av.|213
150|17/11/2020|183|Cztery kolka|715-900 Pellentesque St.|942
151|29/03/2021|127|Autko|P.O. Box 482, 3528 At Rd.|916
152|21/04/2021|169|Przeglad Janex|3231 Suspendisse Rd.|211
153|09/06/2020|111|Cztery kolka|851-5489 Dolor St.|90
154|08/04/2021|192|Przeglad Janex|9597 Eu, Street|410
155|25/02/2021|119|Autko|2875 Massa. Ave|192
156|07/12/2020|167|Przeglad Janex|P.O. Box 916, 6081 Sit Road|528
157|17/11/2020|174|Polskie przeglady|Ap #226-2440 Dolor Avenue|286
158|31/08/2020|110|Polskie przeglady|Ap #708-2497 Duis Road|821
159|10/07/2020|187|Autko|Ap #828-4557 Nunc Rd.|318
160|21/12/2020|133|Polskie przeglady|3705 Malesuada St.|241
161|07/08/2020|116|Przeglad Janex|5065 Tempor Ave|286
162|21/06/2020|146|Cztery kolka|Ap #403-757 Eget Rd.|308
163|19/06/2020|114|Polskie przeglady|603-1996 Pretium St.|365
164|06/02/2021|193|Przeglad Janex|Ap #565-1316 Donec Road|208
165|28/09/2020|181|Przeglad Janex|551-9403 Ipsum Rd.|499
166|26/03/2021|181|Cztery kolka|Ap #104-2907 Non Ave|718
167|08/04/2021|137|Autko|P.O. Box 537, 4442 Magna. Avenue|363
168|21/05/2020|170|Polskie przeglady|P.O. Box 623, 3600 Leo Av.|187
169|14/05/2020|108|Cztery kolka|1334 Ac Av.|848
170|18/09/2020|110|Cztery kolka|P.O. Box 922, 3633 Velit St.|578
171|25/10/2020|135|Polskie przeglady|Ap #564-1697 Lorem Avenue|325
172|24/06/2020|187|Autko|Ap #515-3259 Erat, Rd.|757
173|24/02/2021|131|Przeglad Janex|Ap #841-5094 Donec Rd.|1
174|03/11/2020|140|Przeglad Janex|Ap #273-9013 Cras Road|748
175|16/01/2021|152|Autko|490-1854 Lacus. Ave|741
176|24/12/2020|119|Autko|690-7219 Duis Avenue|885
177|23/05/2020|166|Cztery kolka|3845 Mollis St.|385
178|23/04/2021|166|Cztery kolka|P.O. Box 943, 2525 Fusce Av.|669
179|13/03/2021|111|Przeglad Janex|Ap #139-374 Ipsum Rd.|271
180|17/12/2020|177|Przeglad Janex|Ap #859-752 Tristique Street|54
181|14/10/2020|123|Cztery kolka|4004 Gravida. Road|339
182|09/03/2021|120|Autko|613-6702 Tincidunt, St.|378
183|20/03/2021|160|Autko|P.O. Box 251, 7017 In, St.|7
184|29/12/2020|123|Autko|P.O. Box 399, 3261 Ante. Road|517
185|04/01/2021|167|Polskie przeglady|P.O. Box 132, 811 Lacinia Rd.|844
186|14/12/2020|141|Przeglad Janex|Ap #407-8150 Nunc Rd.|277
187|30/01/2021|135|Autko|1405 Urna Avenue|293
188|06/06/2020|127|Przeglad Janex|756-2719 Faucibus St.|527
189|19/08/2020|180|Cztery kolka|Ap #580-800 Quisque Rd.|993
190|13/02/2021|135|Autko|401-8765 Dapibus Avenue|537
191|26/05/2020|163|Autko|Ap #479-1508 Ante. Road|945
192|27/01/2021|195|Autko|158-4816 Vehicula Avenue|452
193|18/09/2020|105|Cztery kolka|660-5141 Dui St.|202
194|27/07/2020|116|Autko|4158 Et Street|699
195|20/08/2020|190|Przeglad Janex|415-9153 Sollicitudin Rd.|324
196|07/10/2020|183|Przeglad Janex|3446 Molestie Av.|108
197|06/02/2021|149|Autko|7175 Feugiat. Rd.|931
198|06/02/2021|176|Polskie przeglady|898-8122 Ut Street|754
199|31/03/2021|123|Cztery kolka|Ap #329-2477 Orci. Rd.|584
200|26/10/2020|159|Polskie przeglady|378-7266 Bibendum Ave|140
201|29/04/2021|124|Autko|P.O. Box 663, 6346 Odio Ave|958
202|04/01/2021|138|Cztery kolka|6504 Mi Ave|28
203|17/07/2020|115|Polskie przeglady|P.O. Box 130, 4908 Lectus St.|469
204|22/10/2020|176|Cztery kolka|670-7288 Libero Rd.|991
205|08/02/2021|126|Polskie przeglady|P.O. Box 224, 7429 Lorem, Av.|713
206|24/02/2021|116|Przeglad Janex|5597 Sed Street|283
207|29/12/2020|133|Autko|3184 Curae Street|641
208|16/02/2021|148|Polskie przeglady|953 In St.|827
209|20/03/2021|195|Polskie przeglady|Ap #257-8605 Nisl. Rd.|848
210|15/12/2020|102|Polskie przeglady|253-4523 Arcu. St.|159
211|12/06/2020|148|Polskie przeglady|P.O. Box 747, 2701 Nulla. Road|327
212|03/03/2021|155|Autko|Ap #514-1239 Malesuada Avenue|434
213|10/10/2020|131|Cztery kolka|Ap #820-4616 Tempor, Street|58
214|31/01/2021|196|Autko|7007 Purus. Av.|582
215|08/02/2021|124|Cztery kolka|563-8168 Nam Street|775
216|19/01/2021|163|Autko|444-1410 Amet Rd.|58
217|22/10/2020|184|Autko|P.O. Box 276, 5986 Eu Rd.|933
218|03/11/2020|178|Przeglad Janex|P.O. Box 643, 569 Libero Rd.|962
219|05/01/2021|138|Cztery kolka|7044 Adipiscing Street|691
220|13/02/2021|111|Autko|Ap #448-5468 Odio. Street|836
221|15/02/2021|199|Przeglad Janex|P.O. Box 967, 6688 Eleifend, Rd.|715
222|16/12/2020|101|Polskie przeglady|P.O. Box 229, 5406 Ut Rd.|836
223|06/04/2021|184|Polskie przeglady|Ap #635-7571 Fermentum Road|215
224|08/05/2021|143|Cztery kolka|Ap #700-937 Augue St.|229
225|29/09/2020|138|Cztery kolka|P.O. Box 926, 8376 Consectetuer Ave|563
226|12/04/2021|176|Cztery kolka|Ap #737-7676 Erat St.|470
227|16/08/2020|193|Autko|Ap #821-4356 Dolor Ave|819
228|02/11/2020|103|Przeglad Janex|Ap #381-6205 Adipiscing. Ave|413
229|06/01/2021|188|Polskie przeglady|488-8292 Ac St.|26
230|13/06/2020|191|Cztery kolka|1064 Sed Rd.|262
231|14/06/2020|130|Cztery kolka|575-7548 Feugiat St.|710
232|11/05/2020|114|Polskie przeglady|P.O. Box 430, 9360 Lorem, Ave|665
233|04/10/2020|119|Przeglad Janex|677-5483 Eu, Ave|407
234|22/02/2021|191|Cztery kolka|417-6842 Euismod St.|123
235|17/04/2021|106|Autko|616-9038 Velit Rd.|258
236|01/06/2020|124|Autko|417-519 Sapien. Road|24
237|21/02/2021|176|Cztery kolka|P.O. Box 558, 1826 Mauris, Av.|916
238|07/05/2021|163|Polskie przeglady|285-6611 Mi St.|358
239|05/03/2021|146|Przeglad Janex|P.O. Box 264, 8526 Lacinia Rd.|126
240|29/12/2020|120|Cztery kolka|9269 Neque St.|720
241|12/01/2021|107|Autko|P.O. Box 699, 7286 Sapien, Street|396
242|22/09/2020|132|Cztery kolka|472 Sed Rd.|625
243|08/07/2020|110|Cztery kolka|271-402 Tellus. Av.|281
244|08/09/2020|111|Przeglad Janex|Ap #435-8477 Ut Rd.|209
245|29/07/2020|110|Autko|Ap #678-6803 Nunc Ave|760
246|12/02/2021|127|Autko|4861 Vivamus St.|339
247|28/09/2020|187|Przeglad Janex|Ap #791-9564 Dictum. Road|95
248|11/03/2021|162|Autko|4553 Donec Road|98
249|23/12/2020|160|Polskie przeglady|159 Massa. Rd.|653
250|04/09/2020|173|Przeglad Janex|P.O. Box 424, 8620 Lorem, Rd.|933
251|06/05/2021|113|Autko|Ap #709-5992 Vestibulum St.|559
252|12/01/2021|112|Cztery kolka|P.O. Box 149, 9149 Proin St.|171
253|14/08/2020|171|Przeglad Janex|P.O. Box 497, 2741 Ultrices Avenue|6
254|16/03/2021|137|Polskie przeglady|Ap #765-4860 Mauris, Av.|215
255|21/01/2021|130|Cztery kolka|124-5174 Malesuada Rd.|399
256|04/12/2020|119|Autko|736 Ut Street|709
257|13/03/2021|102|Cztery kolka|Ap #726-1109 Euismod Rd.|303
258|27/03/2021|117|Przeglad Janex|Ap #713-5460 Arcu. St.|675
259|05/09/2020|119|Cztery kolka|319-4944 Leo. Ave|398
260|27/09/2020|196|Polskie przeglady|Ap #554-660 Ipsum. Road|621
261|15/02/2021|181|Cztery kolka|699-8438 A, St.|7
262|09/02/2021|134|Cztery kolka|7862 Eu Avenue|168
263|09/02/2021|143|Autko|199 Mus. St.|676
264|26/10/2020|139|Cztery kolka|Ap #387-3998 Sit Street|77
265|11/03/2021|199|Cztery kolka|Ap #750-9536 In St.|481
266|11/06/2020|151|Polskie przeglady|458-7505 Sem, Av.|349
267|17/02/2021|107|Autko|Ap #961-441 At, Ave|997
268|07/10/2020|103|Cztery kolka|P.O. Box 897, 2352 At, Rd.|100
269|07/03/2021|136|Cztery kolka|P.O. Box 785, 8620 Bibendum Rd.|883
270|17/02/2021|111|Autko|P.O. Box 916, 3360 Nec Road|275
271|08/02/2021|191|Polskie przeglady|Ap #663-5310 Sagittis Rd.|868
272|24/09/2020|173|Przeglad Janex|372-7891 Maecenas St.|268
273|20/01/2021|118|Cztery kolka|Ap #695-4195 Facilisis Rd.|913
274|30/03/2021|194|Polskie przeglady|1022 Augue Ave|381
275|19/03/2021|140|Cztery kolka|630-4626 Mauris St.|762
276|19/06/2020|137|Cztery kolka|Ap #490-7437 Mi, St.|357
277|19/02/2021|185|Cztery kolka|Ap #715-4031 Mattis Rd.|711
278|01/10/2020|106|Cztery kolka|P.O. Box 590, 8261 Nisi. Street|677
279|02/10/2020|131|Autko|251-7647 Sodales Street|155
280|12/01/2021|153|Przeglad Janex|453-4253 Etiam Ave|742
281|04/09/2020|110|Przeglad Janex|P.O. Box 884, 1768 Suspendisse Rd.|835
282|14/03/2021|155|Autko|229-6799 Posuere Rd.|40
283|04/04/2021|130|Autko|3709 Erat. Road|817
284|20/07/2020|126|Polskie przeglady|338-7068 Dui. Ave|269
285|02/05/2021|143|Przeglad Janex|Ap #173-508 Tellus Ave|785
286|13/03/2021|176|Autko|1629 Ultrices St.|30
287|11/09/2020|134|Cztery kolka|P.O. Box 626, 4388 Lacus, St.|359
288|31/03/2021|129|Przeglad Janex|353-3486 Natoque Ave|481
289|27/02/2021|132|Cztery kolka|P.O. Box 456, 1869 Eu, St.|288
290|17/12/2020|143|Polskie przeglady|763 Aliquet St.|735
291|09/10/2020|118|Autko|926-2564 Lacus. Av.|688
292|14/02/2021|126|Cztery kolka|Ap #249-5512 Aliquam Road|993
293|13/05/2020|134|Przeglad Janex|2507 Ipsum St.|891
294|05/11/2020|191|Cztery kolka|Ap #864-3790 Dolor Avenue|471
295|13/08/2020|109|Polskie przeglady|4884 Fusce St.|714
296|20/09/2020|197|Cztery kolka|P.O. Box 962, 2685 Cursus St.|21
297|02/07/2020|120|Cztery kolka|P.O. Box 277, 8198 Ultrices Street|29
298|27/03/2021|157|Autko|Ap #224-7535 Id, Avenue|184
299|18/06/2020|186|Polskie przeglady|Ap #279-460 Vestibulum St.|944
300|04/08/2020|122|Cztery kolka|636-5276 Integer Street|234
301|17/07/2020|163|Polskie przeglady|Ap #480-6836 Donec Rd.|457
302|28/12/2020|161|Polskie przeglady|7753 Orci. St.|392
303|21/06/2020|194|Polskie przeglady|Ap #224-1837 Nunc. Ave|184
304|03/09/2020|166|Przeglad Janex|525-2721 Nec Rd.|899
305|04/12/2020|115|Przeglad Janex|943 Euismod Street|220
306|03/02/2021|155|Polskie przeglady|P.O. Box 862, 9131 Aenean Street|218
307|13/11/2020|102|Cztery kolka|516-1179 Semper Rd.|836
308|09/09/2020|173|Cztery kolka|851-4565 Amet, Ave|428
309|06/02/2021|105|Cztery kolka|Ap #411-8408 Hymenaeos. Avenue|445
310|12/04/2021|156|Autko|P.O. Box 691, 9088 Iaculis Rd.|184
311|17/01/2021|149|Cztery kolka|P.O. Box 484, 5436 Enim Ave|607
312|22/01/2021|186|Przeglad Janex|Ap #401-2281 Lacus. Av.|590
313|01/11/2020|178|Autko|3073 Ipsum Ave|404
314|23/02/2021|168|Polskie przeglady|441-5369 Cum Road|822
315|22/09/2020|192|Polskie przeglady|658-1930 Congue, Road|651
316|04/04/2021|184|Przeglad Janex|9722 Ipsum Ave|518
317|27/04/2021|115|Autko|682-8963 Sapien Rd.|691
318|08/03/2021|118|Polskie przeglady|P.O. Box 845, 4423 Turpis. St.|686
319|31/03/2021|101|Polskie przeglady|P.O. Box 342, 116 Penatibus St.|986
320|28/04/2021|179|Polskie przeglady|188-2852 Libero Rd.|374
321|24/06/2020|179|Polskie przeglady|Ap #855-3202 Ligula Rd.|955
322|06/02/2021|153|Polskie przeglady|P.O. Box 215, 8315 Aliquam Rd.|205
323|11/04/2021|111|Polskie przeglady|P.O. Box 165, 2502 Tincidunt St.|384
324|12/09/2020|145|Polskie przeglady|P.O. Box 951, 4616 Mauris Rd.|336
325|26/03/2021|191|Przeglad Janex|Ap #311-9066 Risus. Ave|334
326|18/09/2020|144|Polskie przeglady|6036 Lectus Rd.|618
327|08/12/2020|118|Cztery kolka|Ap #496-6286 Pharetra, Rd.|589
328|13/11/2020|190|Przeglad Janex|4069 Eu Road|937
329|07/09/2020|114|Autko|838-7669 Penatibus St.|324
330|30/05/2020|142|Autko|P.O. Box 144, 3698 Sit Ave|668
331|17/04/2021|168|Przeglad Janex|886-3589 Tempor Road|660
332|23/09/2020|181|Polskie przeglady|519-1215 Nam Street|66
333|15/08/2020|179|Polskie przeglady|P.O. Box 246, 9443 Vulputate, Avenue|381
334|01/09/2020|183|Cztery kolka|5162 Augue. Ave|649
335|16/03/2021|119|Polskie przeglady|4346 Vitae Rd.|841
336|12/05/2020|124|Cztery kolka|109-2544 Nisi Road|342
337|25/11/2020|117|Cztery kolka|155-8299 Risus, St.|236
338|06/09/2020|157|Przeglad Janex|4806 Vulputate, St.|884
339|01/12/2020|131|Autko|5774 Suscipit St.|475
340|20/03/2021|194|Cztery kolka|P.O. Box 837, 5949 Et Rd.|512
341|21/05/2020|188|Polskie przeglady|P.O. Box 848, 2912 Morbi St.|79
342|18/04/2021|130|Polskie przeglady|4460 Libero Street|164
343|21/07/2020|142|Cztery kolka|P.O. Box 339, 3274 Et St.|67
344|28/04/2021|186|Cztery kolka|P.O. Box 776, 6031 Id, Road|4
345|31/07/2020|103|Cztery kolka|372-7778 Et Avenue|935
346|13/08/2020|147|Polskie przeglady|6779 Massa. Rd.|846
347|21/01/2021|109|Przeglad Janex|Ap #180-1591 Velit. Avenue|258
348|29/12/2020|169|Cztery kolka|457-9920 Sodales Rd.|734
349|20/04/2021|117|Cztery kolka|3609 Tortor, Ave|539
350|15/07/2020|147|Autko|8814 Luctus Rd.|65
351|22/08/2020|199|Autko|P.O. Box 684, 1234 Sem. Rd.|473
352|12/04/2021|104|Cztery kolka|Ap #828-1808 Nulla Road|378
353|20/01/2021|116|Cztery kolka|912-9501 Et, St.|146
354|25/05/2020|197|Cztery kolka|6571 Non Road|11
355|24/11/2020|102|Cztery kolka|P.O. Box 765, 8648 Vel Street|971
356|05/12/2020|192|Autko|1473 Non Rd.|762
357|08/09/2020|187|Polskie przeglady|P.O. Box 672, 4495 Cras St.|37
358|29/11/2020|129|Polskie przeglady|Ap #812-3553 Id, St.|490
359|26/12/2020|166|Przeglad Janex|9516 Interdum. St.|993
360|06/02/2021|112|Cztery kolka|P.O. Box 732, 8315 Erat, Ave|871
361|25/06/2020|114|Autko|P.O. Box 200, 3337 Mattis Rd.|907
362|20/06/2020|146|Przeglad Janex|P.O. Box 319, 4454 Non Rd.|185
363|01/09/2020|123|Cztery kolka|135 Phasellus Rd.|222
364|28/01/2021|163|Autko|650-942 Metus Avenue|533
365|11/05/2020|194|Przeglad Janex|214 Mattis. Ave|7
366|12/10/2020|121|Polskie przeglady|Ap #803-6115 Imperdiet St.|355
367|22/02/2021|179|Przeglad Janex|Ap #250-9034 Lorem Rd.|306
368|23/09/2020|125|Polskie przeglady|2082 Massa. St.|974
369|07/05/2021|181|Cztery kolka|538-2057 Malesuada Rd.|55
370|09/10/2020|109|Przeglad Janex|P.O. Box 116, 2007 Ultricies Rd.|288
371|02/06/2020|192|Autko|7465 Velit Av.|581
372|26/08/2020|199|Polskie przeglady|Ap #597-9226 Enim. Rd.|76
373|09/04/2021|175|Cztery kolka|3208 Cras St.|215
374|05/12/2020|186|Przeglad Janex|P.O. Box 774, 8260 Tortor. St.|916
375|19/12/2020|149|Polskie przeglady|P.O. Box 499, 6785 Elit St.|673
376|24/02/2021|136|Autko|P.O. Box 113, 5695 Gravida. Ave|471
377|28/08/2020|123|Przeglad Janex|3380 Vel Avenue|732
378|18/12/2020|160|Cztery kolka|2397 Suspendisse Road|555
379|27/05/2020|124|Autko|5828 Aenean Rd.|378
380|17/02/2021|110|Przeglad Janex|Ap #598-5678 Sed Road|533
381|29/11/2020|132|Autko|2927 Mollis Rd.|924
382|25/05/2020|172|Przeglad Janex|Ap #174-3634 Nunc Ave|509
383|20/04/2021|166|Polskie przeglady|P.O. Box 136, 7343 Natoque St.|633
384|27/08/2020|161|Polskie przeglady|Ap #114-8092 Enim. Av.|927
385|16/06/2020|194|Polskie przeglady|P.O. Box 144, 9524 In Av.|482
386|03/02/2021|156|Cztery kolka|952-9336 Volutpat Avenue|83
387|11/03/2021|158|Przeglad Janex|709-8903 Rutrum. Av.|228
388|13/08/2020|160|Cztery kolka|3770 Velit. Street|292
389|23/06/2020|187|Cztery kolka|963-3753 Fames St.|298
390|05/04/2021|190|Polskie przeglady|703-8358 A Road|144
391|27/01/2021|156|Cztery kolka|Ap #152-7139 Velit Av.|6
392|22/02/2021|135|Cztery kolka|P.O. Box 471, 8849 Pellentesque Avenue|589
393|06/09/2020|171|Autko|P.O. Box 704, 5116 Nonummy Av.|835
394|14/05/2020|182|Polskie przeglady|180-7738 Sed Ave|68
395|03/04/2021|109|Polskie przeglady|5462 Nunc Ave|122
396|06/04/2021|176|Polskie przeglady|Ap #104-4245 Libero Road|415
397|05/05/2021|151|Autko|P.O. Box 876, 1562 Sem, Av.|124
398|02/12/2020|164|Autko|P.O. Box 614, 600 Malesuada St.|622
399|02/10/2020|169|Przeglad Janex|1023 Aliquam Avenue|925
400|28/04/2021|136|Przeglad Janex|5325 Pede St.|49
401|20/03/2021|163|Cztery kolka|P.O. Box 778, 5670 Lacus, Road|100
402|23/01/2021|132|Cztery kolka|Ap #798-3967 Laoreet Rd.|485
403|01/01/2021|187|Polskie przeglady|P.O. Box 790, 2326 Nec Rd.|642
404|25/03/2021|182|Autko|222-9619 Ullamcorper St.|941
405|05/07/2020|123|Przeglad Janex|861-7578 Nec Avenue|817
406|22/11/2020|133|Cztery kolka|Ap #204-6556 Amet, Av.|861
407|27/10/2020|176|Polskie przeglady|850-9658 Odio Av.|245
408|20/12/2020|178|Autko|622-6844 Mauris Av.|63
409|20/05/2020|140|Polskie przeglady|841-8068 Dictum. Ave|67
410|05/11/2020|169|Polskie przeglady|P.O. Box 926, 8256 Tempus Avenue|194
411|11/04/2021|116|Przeglad Janex|Ap #309-1386 Lectus Rd.|210
412|17/08/2020|129|Polskie przeglady|Ap #523-2407 Vitae, Road|478
413|14/08/2020|154|Cztery kolka|P.O. Box 590, 5986 Ornare, Ave|886
414|15/03/2021|174|Autko|Ap #981-6455 Tellus Road|812
415|04/12/2020|119|Autko|5968 Dapibus Road|867
416|01/06/2020|105|Polskie przeglady|806-5402 Dui. Rd.|833
417|13/12/2020|138|Autko|Ap #381-3912 Semper Ave|568
418|29/12/2020|196|Polskie przeglady|9321 Dictum St.|989
419|12/04/2021|141|Cztery kolka|Ap #707-3077 Aliquam St.|371
420|07/06/2020|121|Polskie przeglady|Ap #466-4809 Consectetuer Av.|849
421|05/12/2020|180|Polskie przeglady|Ap #972-5148 Integer Ave|457
422|20/10/2020|196|Cztery kolka|P.O. Box 979, 1383 Est. Rd.|315
423|29/11/2020|135|Autko|5122 Risus St.|558
424|06/03/2021|146|Przeglad Janex|871-8650 Gravida. Road|276
425|01/10/2020|137|Polskie przeglady|Ap #125-2550 Non Street|653
426|01/06/2020|115|Cztery kolka|243-941 Ut St.|978
427|14/09/2020|172|Polskie przeglady|422-3569 Phasellus Rd.|271
428|10/01/2021|163|Przeglad Janex|P.O. Box 707, 2001 Dolor St.|349
429|18/04/2021|133|Polskie przeglady|386-883 Et Avenue|514
430|30/01/2021|129|Autko|P.O. Box 344, 4747 In, St.|473
431|21/07/2020|154|Cztery kolka|164-8670 Ut St.|488
432|30/08/2020|142|Cztery kolka|P.O. Box 956, 140 Proin Ave|329
433|09/06/2020|146|Autko|Ap #145-2685 Ac Avenue|107
434|05/02/2021|152|Autko|2384 Porttitor St.|251
435|07/03/2021|177|Przeglad Janex|318-2570 Augue St.|438
436|18/03/2021|124|Przeglad Janex|724-739 Orci, Road|525
437|15/06/2020|196|Autko|Ap #602-6665 Maecenas Ave|924
438|08/02/2021|181|Autko|892-4472 Nulla St.|729
439|18/07/2020|132|Cztery kolka|Ap #738-7066 Mollis. St.|714
440|17/04/2021|123|Cztery kolka|P.O. Box 197, 8241 Libero. Street|705
441|01/04/2021|103|Polskie przeglady|5936 Pellentesque. Rd.|412
442|19/10/2020|131|Polskie przeglady|P.O. Box 671, 6032 Elit Avenue|947
443|18/01/2021|134|Autko|514-5081 Lorem Rd.|521
444|01/02/2021|128|Polskie przeglady|P.O. Box 887, 1063 Et, Street|615
445|26/10/2020|128|Polskie przeglady|6544 Leo. Rd.|193
446|13/05/2020|157|Przeglad Janex|P.O. Box 316, 9424 Eget, Rd.|536
447|05/12/2020|175|Przeglad Janex|316-7589 Quisque Ave|171
448|10/09/2020|134|Przeglad Janex|P.O. Box 874, 4448 Porttitor Rd.|814
449|15/10/2020|105|Polskie przeglady|P.O. Box 962, 4351 Enim St.|56
450|26/11/2020|149|Autko|P.O. Box 477, 7757 Feugiat Rd.|800
451|07/08/2020|159|Cztery kolka|Ap #119-3402 Blandit. Rd.|959
452|09/09/2020|184|Polskie przeglady|176-8064 Duis Av.|865
453|21/08/2020|114|Autko|P.O. Box 687, 5844 Justo. St.|967
454|02/01/2021|145|Autko|P.O. Box 761, 9591 Sed Avenue|430
455|30/09/2020|169|Przeglad Janex|Ap #526-8744 Quam, Av.|307
456|21/06/2020|134|Autko|Ap #879-8675 Curabitur St.|117
457|21/02/2021|184|Autko|476 Ipsum. Rd.|237
458|11/08/2020|181|Przeglad Janex|Ap #165-961 Orci Rd.|112
459|10/04/2021|195|Przeglad Janex|Ap #290-3682 Interdum Av.|500
460|12/01/2021|107|Polskie przeglady|339-977 Feugiat. Street|377
461|04/06/2020|150|Cztery kolka|P.O. Box 217, 2095 Semper, St.|105
462|01/08/2020|124|Polskie przeglady|Ap #766-7104 Non, Rd.|881
463|04/07/2020|124|Przeglad Janex|5248 Eu, St.|390
464|10/11/2020|191|Przeglad Janex|882-3491 Dui. Street|422
465|13/12/2020|107|Autko|496-8765 Nibh Road|67
466|14/01/2021|114|Autko|P.O. Box 313, 6987 Aliquam Av.|636
467|18/08/2020|163|Przeglad Janex|6903 Sed Street|142
468|19/02/2021|119|Autko|Ap #216-7600 Donec Road|21
469|17/11/2020|100|Autko|227 Tempor St.|218
470|26/03/2021|111|Przeglad Janex|734-6595 Ultrices Road|106
471|21/09/2020|139|Autko|498-5134 Arcu Avenue|402
472|01/08/2020|120|Polskie przeglady|P.O. Box 819, 498 Nunc St.|170
473|17/11/2020|101|Polskie przeglady|235-8921 Lacus, St.|909
474|27/09/2020|125|Przeglad Janex|150-1683 Amet, Ave|987
475|10/09/2020|146|Przeglad Janex|P.O. Box 587, 218 Quisque St.|71
476|08/02/2021|171|Autko|1574 Accumsan St.|265
477|19/02/2021|167|Polskie przeglady|Ap #532-5515 Interdum St.|791
478|18/03/2021|164|Cztery kolka|335-1521 Lobortis St.|929
479|11/11/2020|127|Autko|P.O. Box 596, 166 Vel Street|348
480|28/07/2020|182|Polskie przeglady|422-6530 Phasellus St.|952
481|26/09/2020|115|Autko|Ap #710-7978 Auctor Rd.|655
482|16/02/2021|161|Cztery kolka|613-8588 Mauris Street|484
483|09/03/2021|192|Cztery kolka|471-1497 Lacus. Av.|141
484|24/05/2020|136|Przeglad Janex|278-4069 Auctor Ave|179
485|10/06/2020|186|Autko|P.O. Box 757, 1978 Molestie. Rd.|886
486|13/01/2021|121|Autko|P.O. Box 928, 9790 Neque Rd.|296
487|30/04/2021|106|Autko|P.O. Box 617, 4776 Augue Street|616
488|21/03/2021|176|Autko|Ap #167-6118 Pede. Av.|811
489|15/02/2021|196|Przeglad Janex|P.O. Box 414, 2753 Vitae Road|64
490|28/11/2020|165|Autko|Ap #131-1802 Ac Rd.|977
491|17/09/2020|165|Cztery kolka|P.O. Box 592, 4289 Ante Road|759
492|24/01/2021|136|Autko|Ap #986-1330 Amet Ave|893
493|01/01/2021|104|Cztery kolka|P.O. Box 553, 855 Nec St.|225
494|06/10/2020|148|Polskie przeglady|P.O. Box 235, 6271 Dolor St.|555
495|13/11/2020|191|Cztery kolka|894-8256 Luctus Av.|390
496|30/08/2020|178|Autko|P.O. Box 441, 6655 Magnis St.|114
497|13/06/2020|161|Polskie przeglady|658 Lectus Av.|992
498|31/12/2020|145|Cztery kolka|Ap #447-6597 Nunc Road|576
499|11/06/2020|121|Autko|426-3878 Nonummy Road|791
500|24/12/2020|102|Autko|P.O. Box 257, 9771 Odio St.|151
501|16/02/2021|116|Polskie przeglady|601-6979 In, Street|115
502|05/10/2020|113|Cztery kolka|4042 Amet, Road|729
503|29/06/2020|121|Polskie przeglady|P.O. Box 757, 257 Mauris Avenue|213
504|20/10/2020|171|Autko|P.O. Box 311, 9047 Dictum Rd.|558
505|03/04/2021|193|Polskie przeglady|5480 Dictum St.|999
506|18/12/2020|122|Polskie przeglady|9486 Convallis Avenue|949
507|05/11/2020|172|Cztery kolka|Ap #151-9860 Odio Rd.|567
508|12/08/2020|129|Cztery kolka|P.O. Box 177, 9863 Nunc Av.|881
509|02/05/2021|163|Autko|1110 Augue Rd.|504
510|27/01/2021|188|Autko|7533 Mauris Rd.|221
511|24/12/2020|102|Cztery kolka|Ap #580-7291 Malesuada Avenue|598
512|11/12/2020|162|Polskie przeglady|P.O. Box 900, 1008 Nunc Rd.|79
513|23/02/2021|200|Cztery kolka|529-7656 Eleifend Av.|4
514|16/03/2021|170|Cztery kolka|683-9020 Egestas Road|124
515|12/06/2020|124|Przeglad Janex|929-4288 Convallis Rd.|397
516|25/10/2020|100|Przeglad Janex|Ap #737-2972 A Av.|512
517|25/11/2020|171|Cztery kolka|8715 Sodales Road|58
518|07/07/2020|172|Cztery kolka|P.O. Box 427, 3396 Feugiat St.|935
519|04/03/2021|179|Cztery kolka|Ap #580-6412 In Avenue|367
520|13/11/2020|183|Autko|873-3574 Cras Rd.|156
521|15/09/2020|192|Cztery kolka|P.O. Box 393, 3499 Mi Avenue|583
522|29/11/2020|126|Cztery kolka|P.O. Box 990, 5715 Mus. St.|723
523|06/06/2020|135|Polskie przeglady|4949 Pede, Street|181
524|06/01/2021|132|Cztery kolka|Ap #797-5731 Vitae Street|28
525|23/12/2020|111|Cztery kolka|Ap #546-5722 Convallis Rd.|570
526|12/07/2020|106|Polskie przeglady|Ap #534-3341 Eu Road|150
527|15/10/2020|167|Przeglad Janex|P.O. Box 761, 3714 Eget Rd.|651
528|25/05/2020|177|Polskie przeglady|Ap #381-7635 Curae Street|102
529|03/04/2021|189|Przeglad Janex|P.O. Box 944, 466 Ac Rd.|497
530|13/09/2020|108|Polskie przeglady|590-9112 Est, St.|838
531|13/11/2020|119|Polskie przeglady|332-3721 Vestibulum St.|24
532|15/05/2020|136|Polskie przeglady|303-755 Facilisis St.|344
533|27/12/2020|172|Autko|P.O. Box 558, 629 Semper Rd.|950
534|29/03/2021|135|Polskie przeglady|Ap #558-6094 Cras Road|88
535|20/06/2020|153|Autko|Ap #122-6222 In Road|576
536|05/02/2021|137|Polskie przeglady|2512 Pede, Ave|276
537|14/12/2020|198|Autko|246-231 Vulputate Street|981
538|19/06/2020|177|Polskie przeglady|846-4115 Vel Avenue|478
539|05/11/2020|145|Przeglad Janex|4825 Quis Street|180
540|18/09/2020|123|Cztery kolka|P.O. Box 700, 8513 Ligula. Road|409
541|17/09/2020|168|Autko|P.O. Box 316, 3703 Vitae, Avenue|49
542|06/06/2020|165|Przeglad Janex|951-2856 Commodo Street|817
543|11/05/2020|112|Polskie przeglady|Ap #273-6167 Nonummy Avenue|510
544|29/04/2021|160|Przeglad Janex|Ap #364-9264 Odio Ave|54
545|21/11/2020|134|Przeglad Janex|P.O. Box 585, 5327 Aliquam Rd.|402
546|31/12/2020|135|Przeglad Janex|5978 Fringilla, Av.|57
547|23/02/2021|148|Polskie przeglady|1359 Bibendum. Road|126
548|02/02/2021|114|Cztery kolka|843-6597 Elit St.|451
549|13/07/2020|136|Polskie przeglady|Ap #795-6379 Iaculis, Ave|516
550|10/08/2020|136|Cztery kolka|7853 Pellentesque Ave|628
551|19/07/2020|103|Cztery kolka|Ap #245-5945 Aenean Street|544
552|13/09/2020|182|Cztery kolka|6677 Commodo Rd.|275
553|26/08/2020|161|Przeglad Janex|403-5691 Adipiscing Av.|361
554|08/04/2021|112|Autko|P.O. Box 306, 2165 Proin Rd.|278
555|30/09/2020|182|Autko|2961 Nec St.|938
556|22/11/2020|142|Przeglad Janex|Ap #228-9774 Metus. Rd.|45
557|18/10/2020|171|Autko|2356 Pede St.|309
558|25/08/2020|109|Przeglad Janex|8500 Phasellus Ave|778
559|08/12/2020|153|Polskie przeglady|Ap #149-7954 Nisi Street|382
560|07/03/2021|120|Przeglad Janex|8462 Egestas Rd.|783
561|30/06/2020|168|Autko|Ap #727-3632 Nibh Ave|468
562|07/11/2020|155|Autko|201-6333 Netus Avenue|440
563|01/11/2020|191|Polskie przeglady|359 Diam Rd.|351
564|03/02/2021|163|Autko|P.O. Box 618, 4885 Lectus Av.|910
565|20/07/2020|194|Autko|9096 Diam St.|524
566|16/12/2020|102|Przeglad Janex|Ap #986-1535 Libero. Rd.|397
567|30/12/2020|101|Autko|Ap #382-9411 Magnis Ave|296
568|28/09/2020|180|Autko|Ap #499-2184 Tellus. Street|610
569|26/08/2020|197|Autko|Ap #807-6851 Eu, Ave|679
570|21/01/2021|118|Cztery kolka|2409 Blandit Ave|8
571|26/03/2021|188|Przeglad Janex|P.O. Box 147, 2611 Nullam Rd.|479
572|22/03/2021|126|Przeglad Janex|Ap #736-9128 Et Road|462
573|05/10/2020|139|Polskie przeglady|Ap #510-7946 Nunc Av.|830
574|30/07/2020|146|Polskie przeglady|4404 Nulla St.|169
575|13/02/2021|107|Przeglad Janex|7419 Viverra. Avenue|610
576|19/02/2021|166|Cztery kolka|P.O. Box 104, 5737 Nisl Ave|725
577|08/09/2020|146|Przeglad Janex|P.O. Box 490, 387 Eget Avenue|14
578|02/10/2020|187|Autko|P.O. Box 605, 9739 Vel, St.|883
579|16/05/2020|117|Polskie przeglady|8045 Vel Ave|780
580|30/11/2020|153|Polskie przeglady|9945 Aliquam St.|358
581|23/06/2020|135|Autko|P.O. Box 864, 4889 Suscipit Rd.|150
582|27/12/2020|141|Autko|7637 Nisi. Rd.|341
583|24/10/2020|178|Cztery kolka|P.O. Box 255, 5314 Donec Road|117
584|25/12/2020|116|Autko|742-7070 Sed Ave|261
585|24/01/2021|119|Przeglad Janex|Ap #506-858 Mollis Street|504
586|17/09/2020|179|Autko|422-3372 Sem St.|801
587|17/08/2020|147|Przeglad Janex|Ap #189-6569 Auctor Avenue|348
588|09/10/2020|136|Cztery kolka|323-5439 Ultrices St.|362
589|22/08/2020|175|Autko|5219 Nec, Road|739
590|24/03/2021|131|Autko|947-8049 Consectetuer St.|592
591|16/06/2020|160|Cztery kolka|4457 Ac Avenue|267
592|10/10/2020|120|Przeglad Janex|5586 Nec, Av.|227
593|24/12/2020|175|Cztery kolka|3970 Nullam St.|338
594|12/02/2021|135|Autko|3812 Mattis Street|644
595|18/12/2020|188|Polskie przeglady|4843 Etiam St.|374
596|24/04/2021|161|Polskie przeglady|571 Enim Avenue|389
597|31/05/2020|199|Cztery kolka|275-501 Molestie. St.|750
598|29/04/2021|108|Przeglad Janex|P.O. Box 343, 5451 Vitae Rd.|865
599|06/02/2021|175|Przeglad Janex|8435 Erat Street|118
600|05/11/2020|104|Autko|P.O. Box 209, 8761 Nec Road|396
601|17/06/2020|116|Przeglad Janex|546-5442 Sollicitudin Road|592
602|01/07/2020|103|Przeglad Janex|2035 A Road|334
603|17/07/2020|164|Przeglad Janex|8283 Suspendisse Street|522
604|04/05/2021|200|Cztery kolka|Ap #410-8416 Penatibus Road|57
605|21/07/2020|184|Przeglad Janex|6686 Consectetuer Avenue|330
606|13/01/2021|162|Autko|P.O. Box 625, 3647 Eu, St.|997
607|10/06/2020|141|Cztery kolka|276-8874 Duis St.|783
608|04/09/2020|103|Autko|P.O. Box 621, 3342 Eu Rd.|865
609|01/10/2020|191|Przeglad Janex|Ap #393-4879 Pede, Avenue|968
610|07/11/2020|132|Cztery kolka|499-8406 Tortor. Rd.|353
611|03/06/2020|122|Autko|540-4691 Libero Av.|678
612|18/02/2021|135|Autko|5564 Non Av.|157
613|27/02/2021|146|Polskie przeglady|108-2684 Auctor Av.|804
614|20/01/2021|185|Polskie przeglady|P.O. Box 813, 2371 Id Av.|503
615|27/05/2020|125|Przeglad Janex|Ap #426-9166 Vulputate Avenue|125
616|20/03/2021|152|Przeglad Janex|1014 Curae St.|19
617|11/03/2021|105|Przeglad Janex|Ap #824-6072 Lectus Rd.|370
618|04/12/2020|103|Polskie przeglady|910-8294 Hendrerit Street|837
619|25/11/2020|182|Autko|6082 Orci Road|148
620|22/06/2020|101|Polskie przeglady|887 Donec Av.|445
621|07/11/2020|165|Przeglad Janex|Ap #776-6990 Tristique Road|96
622|11/10/2020|165|Cztery kolka|Ap #163-6458 Tortor Street|588
623|29/03/2021|168|Autko|8608 Aliquam Rd.|359
624|22/12/2020|187|Autko|603-3122 Eros. Ave|91
625|23/01/2021|125|Przeglad Janex|659-8731 Arcu St.|326
626|16/11/2020|126|Polskie przeglady|P.O. Box 624, 945 Senectus Street|904
627|23/10/2020|195|Autko|Ap #856-8862 Mi Street|935
628|01/11/2020|194|Polskie przeglady|1813 Sem Ave|291
629|03/10/2020|176|Autko|817-6552 Ac Rd.|862
630|21/01/2021|189|Przeglad Janex|180-3835 Nunc Ave|177
631|19/04/2021|198|Polskie przeglady|P.O. Box 383, 6684 Dis Av.|207
632|05/07/2020|161|Polskie przeglady|9150 Dolor, St.|1000
633|25/02/2021|142|Przeglad Janex|Ap #394-622 Non, Ave|827
634|29/11/2020|171|Cztery kolka|Ap #206-9494 Ac Avenue|978
635|14/07/2020|179|Autko|721 Blandit. Ave|511
636|28/10/2020|176|Polskie przeglady|P.O. Box 694, 6450 Vivamus Avenue|437
637|16/05/2020|172|Autko|266-8222 Vel St.|400
638|29/06/2020|113|Cztery kolka|P.O. Box 211, 2361 Ligula. Road|212
639|20/11/2020|164|Autko|660-8811 Id, St.|110
640|11/11/2020|106|Polskie przeglady|836-421 Ligula. Av.|180
641|06/09/2020|122|Cztery kolka|6087 Odio Road|484
642|30/10/2020|101|Cztery kolka|Ap #379-1586 Donec Ave|137
643|12/12/2020|119|Autko|716-7588 Aliquam Road|139
644|12/06/2020|172|Przeglad Janex|345-5527 Nunc. Ave|945
645|23/01/2021|176|Przeglad Janex|Ap #173-1705 Vestibulum Av.|707
646|14/11/2020|122|Polskie przeglady|4619 Massa. Av.|489
647|29/10/2020|157|Polskie przeglady|739-4342 Diam St.|692
648|06/09/2020|126|Przeglad Janex|987-8794 Dictum Street|475
649|01/08/2020|114|Przeglad Janex|Ap #419-9225 Turpis St.|93
650|29/01/2021|185|Polskie przeglady|P.O. Box 473, 3577 Elementum Rd.|567
651|26/05/2020|110|Przeglad Janex|8302 Enim St.|59
652|10/08/2020|176|Polskie przeglady|1151 Accumsan Ave|344
653|16/10/2020|124|Autko|P.O. Box 563, 7666 Magnis St.|273
654|01/06/2020|193|Cztery kolka|Ap #245-8523 Ipsum Av.|463
655|29/08/2020|199|Cztery kolka|841-4480 Magna. Rd.|397
656|20/06/2020|116|Przeglad Janex|Ap #917-4642 Aliquet Avenue|491
657|15/09/2020|118|Autko|217 Sed, Street|494
658|07/11/2020|165|Przeglad Janex|Ap #319-762 Nulla Ave|500
659|05/07/2020|169|Autko|P.O. Box 849, 9946 Et Street|55
660|29/08/2020|129|Autko|P.O. Box 480, 652 Donec Street|116
661|05/01/2021|192|Polskie przeglady|P.O. Box 946, 5289 Conubia Street|243
662|07/10/2020|144|Cztery kolka|756-4327 Cursus Rd.|369
663|17/08/2020|179|Cztery kolka|551-3740 Malesuada Avenue|333
664|04/03/2021|162|Polskie przeglady|872-2504 Donec Street|11
665|27/06/2020|110|Polskie przeglady|244-5384 Laoreet, Av.|830
666|24/03/2021|153|Autko|653-4521 Libero Avenue|695
667|24/12/2020|195|Polskie przeglady|780-5254 Quam Rd.|532
668|06/01/2021|177|Polskie przeglady|8330 Neque St.|163
669|20/12/2020|132|Przeglad Janex|1617 Tempus St.|401
670|16/07/2020|160|Polskie przeglady|Ap #938-7382 Donec St.|820
671|17/09/2020|169|Autko|376-5714 Phasellus Rd.|235
672|06/10/2020|114|Przeglad Janex|P.O. Box 544, 1933 Pellentesque St.|161
673|18/05/2020|190|Przeglad Janex|P.O. Box 871, 3617 Penatibus Road|799
674|05/01/2021|168|Cztery kolka|Ap #945-2475 Purus Avenue|162
675|29/05/2020|117|Przeglad Janex|1931 Dictum Street|805
676|27/03/2021|112|Przeglad Janex|P.O. Box 575, 7523 Mollis Ave|88
677|02/07/2020|189|Przeglad Janex|581-3922 Faucibus Av.|365
678|21/04/2021|178|Polskie przeglady|773-2174 Arcu. Street|517
679|05/09/2020|155|Polskie przeglady|4724 Amet Avenue|496
680|14/02/2021|169|Polskie przeglady|1189 Ipsum. Street|732
681|13/12/2020|137|Polskie przeglady|533-9074 Sapien. Rd.|635
682|22/05/2020|123|Autko|P.O. Box 716, 9799 Faucibus St.|975
683|17/08/2020|115|Przeglad Janex|P.O. Box 246, 7429 Purus. Avenue|135
684|11/09/2020|190|Polskie przeglady|Ap #610-1646 Per Ave|532
685|03/02/2021|120|Autko|285-7836 Congue St.|345
686|02/09/2020|118|Przeglad Janex|Ap #698-8392 Pede. Ave|487
687|06/07/2020|180|Polskie przeglady|P.O. Box 413, 4379 Donec Av.|262
688|05/11/2020|188|Przeglad Janex|Ap #414-348 Lorem Av.|406
689|11/11/2020|170|Polskie przeglady|P.O. Box 817, 6481 Mollis. Avenue|27
690|01/09/2020|128|Przeglad Janex|9797 Facilisis. Rd.|830
691|26/04/2021|118|Polskie przeglady|7104 Risus. Street|862
692|20/12/2020|115|Polskie przeglady|991-5904 Interdum. Rd.|549
693|22/11/2020|179|Autko|5539 Lectus. Road|817
694|19/09/2020|171|Przeglad Janex|Ap #692-5966 Phasellus Road|510
695|17/10/2020|136|Autko|P.O. Box 395, 8676 In Rd.|28
696|17/05/2020|192|Polskie przeglady|3323 Auctor, Av.|846
697|25/08/2020|137|Polskie przeglady|Ap #228-1598 Libero Road|328
698|09/03/2021|174|Cztery kolka|8292 Aenean Av.|830
699|07/08/2020|124|Cztery kolka|190-5653 Dui. Ave|119
700|09/12/2020|142|Przeglad Janex|462-651 Sem Road|499
701|16/09/2020|156|Polskie przeglady|Ap #881-3412 Odio Road|364
702|02/07/2020|170|Polskie przeglady|P.O. Box 123, 2737 In St.|789
703|15/02/2021|114|Polskie przeglady|P.O. Box 653, 5615 Aptent St.|77
704|21/01/2021|111|Autko|8638 Penatibus Rd.|403
705|17/11/2020|110|Autko|504-8836 Sapien Rd.|432
706|10/01/2021|172|Polskie przeglady|Ap #117-2379 Eros. St.|283
707|22/03/2021|158|Przeglad Janex|P.O. Box 370, 5186 Nec Ave|878
708|13/02/2021|171|Polskie przeglady|733-8378 Justo Road|341
709|06/07/2020|113|Polskie przeglady|6317 Pharetra Av.|898
710|04/06/2020|115|Autko|P.O. Box 144, 1866 Pede, St.|525
711|24/06/2020|156|Cztery kolka|591-4944 Duis St.|185
712|13/11/2020|138|Autko|7218 Eu St.|956
713|07/09/2020|152|Cztery kolka|Ap #329-7942 Donec Rd.|791
714|11/06/2020|143|Autko|Ap #618-275 Praesent Rd.|196
715|01/04/2021|106|Polskie przeglady|Ap #601-4137 Proin Rd.|457
716|10/11/2020|151|Autko|P.O. Box 194, 4245 Lorem, St.|982
717|16/07/2020|190|Cztery kolka|9899 Nullam Av.|421
718|07/10/2020|181|Autko|Ap #348-1275 Nunc Road|89
719|05/02/2021|169|Przeglad Janex|8137 Montes, Street|412
720|12/05/2020|108|Polskie przeglady|P.O. Box 481, 5393 Ultrices Ave|19
721|12/02/2021|141|Przeglad Janex|840-3689 Est Av.|638
722|25/12/2020|195|Autko|P.O. Box 347, 9157 Libero Avenue|976
723|13/06/2020|169|Cztery kolka|2198 Vestibulum Street|713
724|18/12/2020|130|Cztery kolka|Ap #896-944 Aliquam Ave|525
725|08/04/2021|125|Przeglad Janex|9789 Sapien. Avenue|146
726|18/02/2021|102|Autko|8754 Et, Street|618
727|22/03/2021|157|Autko|P.O. Box 433, 1877 Facilisis Rd.|834
728|22/08/2020|125|Przeglad Janex|P.O. Box 127, 8066 Sit Av.|954
729|23/02/2021|100|Przeglad Janex|4068 Neque. Ave|487
730|26/04/2021|167|Autko|P.O. Box 823, 629 Ultricies Avenue|445
731|13/09/2020|199|Cztery kolka|P.O. Box 160, 4127 Mollis St.|267
732|26/01/2021|188|Autko|444 Nullam St.|975
733|17/07/2020|129|Polskie przeglady|Ap #545-4806 Tellus Road|466
734|21/12/2020|155|Autko|Ap #841-9342 Convallis Ave|746
735|13/11/2020|123|Polskie przeglady|6574 Molestie Road|334
736|05/09/2020|197|Polskie przeglady|P.O. Box 708, 6087 Vehicula. Avenue|558
737|19/07/2020|115|Cztery kolka|Ap #296-2287 Parturient Rd.|515
738|17/12/2020|115|Cztery kolka|331 In, Road|269
739|21/01/2021|148|Polskie przeglady|936-7885 Ipsum Ave|61
740|23/08/2020|153|Autko|P.O. Box 992, 9753 Cras Street|343
741|20/08/2020|121|Autko|5747 Fusce Av.|674
742|15/09/2020|179|Cztery kolka|P.O. Box 818, 6522 Nisi Street|60
743|04/01/2021|159|Przeglad Janex|286-3294 Tincidunt, St.|372
744|09/03/2021|118|Przeglad Janex|160 Gravida. Ave|529
745|14/03/2021|148|Cztery kolka|187-5944 In Rd.|189
746|28/05/2020|175|Cztery kolka|496-916 Nec, Ave|586
747|07/01/2021|177|Polskie przeglady|Ap #822-3518 Quam, Road|596
748|01/01/2021|133|Autko|P.O. Box 574, 2134 Vitae St.|698
749|07/06/2020|172|Autko|P.O. Box 808, 410 Orci Rd.|275
750|27/08/2020|137|Cztery kolka|Ap #831-5748 Arcu. Ave|925
751|21/08/2020|141|Przeglad Janex|6595 Libero. Av.|411
752|25/01/2021|200|Autko|361-8089 Lobortis, Rd.|143
753|01/01/2021|132|Autko|619-2422 Fringilla Rd.|155
754|16/01/2021|114|Autko|Ap #810-464 In Street|256
755|13/10/2020|120|Autko|3441 Nec, Street|600
756|01/05/2021|175|Przeglad Janex|Ap #685-3865 Elementum St.|217
757|07/03/2021|189|Polskie przeglady|3507 Donec Road|14
758|16/05/2020|174|Autko|455-1941 Cras Av.|204
759|05/07/2020|174|Cztery kolka|P.O. Box 772, 4243 Ut Av.|860
760|22/04/2021|112|Przeglad Janex|4188 Dui Av.|740
761|17/09/2020|110|Autko|5757 Ultrices. Road|681
762|09/01/2021|129|Cztery kolka|P.O. Box 326, 6181 Dapibus Av.|451
763|05/05/2021|200|Cztery kolka|6698 Vestibulum St.|845
764|13/07/2020|155|Polskie przeglady|P.O. Box 280, 4845 Eu, St.|38
765|07/08/2020|177|Autko|P.O. Box 889, 6070 Sed, Road|324
766|08/10/2020|149|Autko|P.O. Box 477, 2427 Sed Rd.|860
767|06/01/2021|126|Przeglad Janex|5783 Enim Road|645
768|21/12/2020|139|Przeglad Janex|Ap #376-276 Dolor, Avenue|471
769|28/06/2020|191|Przeglad Janex|199-6829 Tempus, Rd.|747
770|18/02/2021|134|Cztery kolka|Ap #929-7718 Sit Av.|140
771|12/04/2021|157|Polskie przeglady|3091 Neque. Ave|4
772|09/07/2020|195|Cztery kolka|2300 Vitae Av.|204
773|29/05/2020|106|Cztery kolka|Ap #926-8210 Est Avenue|101
774|17/11/2020|184|Cztery kolka|512-6904 Consequat Avenue|316
775|31/03/2021|176|Polskie przeglady|531-5022 In Rd.|490
776|24/10/2020|169|Przeglad Janex|Ap #550-7535 Sed Av.|414
777|28/10/2020|160|Polskie przeglady|3910 Accumsan Ave|210
778|24/05/2020|152|Cztery kolka|5125 Pharetra Rd.|770
779|07/09/2020|129|Autko|Ap #575-4896 Vestibulum. Rd.|207
780|03/01/2021|102|Polskie przeglady|841-3800 Ultrices, Rd.|306
781|22/01/2021|121|Przeglad Janex|643 Mauris St.|850
782|03/10/2020|138|Cztery kolka|7389 Interdum St.|733
783|18/12/2020|147|Polskie przeglady|P.O. Box 354, 1890 A Rd.|605
784|13/03/2021|110|Cztery kolka|P.O. Box 721, 7726 Nibh. Ave|93
785|04/03/2021|175|Przeglad Janex|Ap #896-7976 Interdum Av.|391
786|17/04/2021|162|Przeglad Janex|P.O. Box 911, 3573 Phasellus St.|296
787|15/11/2020|151|Polskie przeglady|P.O. Box 995, 6812 Ligula. Avenue|921
788|16/06/2020|108|Przeglad Janex|683-1972 Laoreet Street|204
789|18/09/2020|103|Przeglad Janex|Ap #529-1515 Aliquet Street|70
790|27/05/2020|177|Przeglad Janex|Ap #294-3007 Netus Street|288
791|05/02/2021|113|Przeglad Janex|3526 Cras Ave|353
792|08/11/2020|117|Przeglad Janex|336-7631 Erat. St.|817
793|06/11/2020|140|Autko|P.O. Box 689, 8213 Nullam St.|336
794|18/03/2021|195|Autko|570-1392 Sem. St.|615
795|06/03/2021|188|Polskie przeglady|656-4529 Duis St.|70
796|10/02/2021|143|Cztery kolka|P.O. Box 124, 9124 Ipsum Street|52
797|04/02/2021|136|Autko|4651 Tempor Avenue|500
798|15/06/2020|111|Autko|Ap #481-9496 Dolor Rd.|311
799|09/12/2020|188|Polskie przeglady|Ap #256-9999 Nunc Ave|658
800|01/04/2021|108|Autko|P.O. Box 269, 8373 Mauris Av.|597
801|30/12/2020|169|Cztery kolka|Ap #149-3405 Aliquet Avenue|652
802|23/06/2020|136|Cztery kolka|5648 Velit Rd.|762
803|12/10/2020|188|Polskie przeglady|P.O. Box 182, 9300 Eu Av.|330
804|16/03/2021|193|Polskie przeglady|P.O. Box 196, 7843 Semper St.|295
805|24/09/2020|144|Przeglad Janex|Ap #722-6541 Nunc Ave|137
806|04/05/2021|145|Polskie przeglady|P.O. Box 642, 6879 Accumsan Rd.|22
807|16/11/2020|194|Przeglad Janex|P.O. Box 754, 8534 Sagittis Ave|812
808|08/09/2020|102|Autko|563-508 Nunc Road|104
809|11/11/2020|165|Autko|Ap #897-6986 Sodales St.|284
810|01/03/2021|191|Cztery kolka|P.O. Box 645, 1199 Pretium Road|51
811|23/09/2020|142|Polskie przeglady|P.O. Box 339, 8009 Nunc. Street|54
812|30/10/2020|137|Autko|P.O. Box 150, 2349 A Road|791
813|28/07/2020|134|Autko|Ap #808-6061 Interdum Avenue|732
814|19/02/2021|184|Cztery kolka|725-9421 Mus. Ave|265
815|15/05/2020|175|Polskie przeglady|Ap #466-2355 Duis St.|866
816|24/07/2020|120|Przeglad Janex|Ap #481-3814 Imperdiet, Rd.|215
817|10/03/2021|115|Cztery kolka|Ap #875-6161 Proin Avenue|636
818|13/07/2020|112|Przeglad Janex|P.O. Box 365, 6692 Metus. Street|242
819|14/09/2020|116|Cztery kolka|Ap #184-462 Mauris. Rd.|124
820|11/08/2020|131|Polskie przeglady|913-5982 Aenean Ave|73
821|19/10/2020|154|Polskie przeglady|Ap #619-3927 Vestibulum. St.|410
822|16/06/2020|182|Polskie przeglady|P.O. Box 510, 8502 Ut Ave|278
823|18/04/2021|158|Polskie przeglady|Ap #245-5866 Lobortis, Ave|243
824|27/12/2020|123|Polskie przeglady|3574 Nulla. Rd.|103
825|29/03/2021|114|Przeglad Janex|810-7921 Metus Rd.|857
826|22/02/2021|164|Polskie przeglady|293-9995 Ultricies Road|658
827|10/01/2021|180|Polskie przeglady|Ap #758-3265 Nonummy Rd.|878
828|04/09/2020|184|Przeglad Janex|603-4671 Sagittis. Ave|96
829|14/07/2020|142|Autko|P.O. Box 452, 9150 Libero. Ave|203
830|04/09/2020|104|Przeglad Janex|Ap #242-3875 Consectetuer Rd.|822
831|19/03/2021|103|Autko|348-159 Duis Rd.|809
832|06/11/2020|137|Przeglad Janex|P.O. Box 529, 2028 Vehicula. Av.|148
833|21/09/2020|168|Cztery kolka|6899 Sem. Rd.|649
834|25/10/2020|115|Cztery kolka|317-7083 Vitae Road|619
835|23/01/2021|124|Przeglad Janex|2329 Facilisis Rd.|758
836|29/03/2021|142|Polskie przeglady|P.O. Box 864, 2610 Lorem Ave|999
837|07/04/2021|154|Cztery kolka|9461 Et, Rd.|868
838|23/03/2021|108|Polskie przeglady|5907 Sodales. Rd.|2
839|04/10/2020|195|Cztery kolka|906-4316 Cubilia Rd.|689
840|10/09/2020|175|Cztery kolka|251-3727 Nunc Av.|165
841|20/02/2021|111|Autko|2062 In Rd.|573
842|06/10/2020|152|Autko|Ap #659-3483 Integer Av.|456
843|17/12/2020|104|Autko|602-8078 Ac Rd.|478
844|19/07/2020|193|Autko|7916 Sed Road|288
845|20/09/2020|107|Polskie przeglady|P.O. Box 779, 6957 Tincidunt St.|858
846|24/06/2020|109|Cztery kolka|8318 Dignissim Rd.|940
847|05/09/2020|140|Polskie przeglady|839-3713 Amet St.|367
848|12/03/2021|161|Przeglad Janex|5922 Odio Ave|960
849|14/12/2020|161|Przeglad Janex|7805 Neque Ave|353
850|23/01/2021|167|Cztery kolka|865-7198 Vitae, Ave|886
851|23/12/2020|167|Cztery kolka|270-4247 Donec Ave|108
852|13/10/2020|178|Polskie przeglady|924-2478 Mauris Road|267
853|12/08/2020|127|Przeglad Janex|445-9711 Dolor. St.|987
854|20/10/2020|127|Polskie przeglady|P.O. Box 267, 9929 Ac Av.|637
855|04/07/2020|129|Cztery kolka|386-1340 Feugiat St.|660
856|04/02/2021|159|Autko|Ap #302-9386 Euismod Rd.|551
857|29/09/2020|121|Cztery kolka|P.O. Box 951, 3156 Orci St.|77
858|16/07/2020|158|Przeglad Janex|377 Non Ave|996
859|02/09/2020|194|Polskie przeglady|831-6236 Luctus St.|505
860|21/08/2020|175|Polskie przeglady|Ap #538-887 Lorem, Avenue|632
861|24/08/2020|180|Cztery kolka|P.O. Box 711, 6196 Adipiscing Av.|36
862|21/12/2020|168|Cztery kolka|236-7956 Metus. Avenue|916
863|14/05/2020|166|Cztery kolka|268-9391 Fusce Rd.|448
864|30/08/2020|182|Polskie przeglady|1503 Dictum Rd.|286
865|23/10/2020|146|Cztery kolka|8830 Sit St.|512
866|13/11/2020|102|Przeglad Janex|P.O. Box 748, 9636 Nec Rd.|424
867|29/10/2020|191|Przeglad Janex|7731 Non, Rd.|80
868|16/05/2020|161|Autko|P.O. Box 991, 5473 Nec Street|950
869|15/09/2020|188|Polskie przeglady|9935 Mauris. Rd.|719
870|21/12/2020|149|Cztery kolka|P.O. Box 545, 4920 Sem St.|888
871|27/12/2020|126|Polskie przeglady|333-6341 Mi Rd.|260
872|20/03/2021|180|Polskie przeglady|297-4540 Malesuada Ave|331
873|19/08/2020|194|Cztery kolka|P.O. Box 514, 6451 Odio St.|580
874|12/11/2020|135|Autko|420-3439 Nisi. St.|32
875|07/10/2020|162|Polskie przeglady|398-3940 Nisl St.|879
876|13/11/2020|166|Przeglad Janex|P.O. Box 547, 6146 Justo St.|738
877|13/09/2020|107|Autko|282-977 Integer Ave|638
878|04/03/2021|123|Przeglad Janex|P.O. Box 894, 1132 Porttitor Ave|402
879|11/05/2020|176|Przeglad Janex|Ap #831-6329 Nam St.|337
880|15/03/2021|155|Cztery kolka|2362 Ac St.|301
881|27/12/2020|101|Przeglad Janex|P.O. Box 474, 3986 Sociis Road|59
882|22/09/2020|152|Cztery kolka|P.O. Box 687, 1300 Montes, Road|818
883|20/07/2020|128|Przeglad Janex|8535 Erat Rd.|494
884|07/07/2020|114|Autko|Ap #158-4148 Nunc Street|71
885|21/01/2021|146|Autko|6845 Mauris Av.|881
886|21/06/2020|143|Przeglad Janex|Ap #113-6340 Taciti St.|613
887|22/02/2021|187|Cztery kolka|Ap #881-4282 Dolor Ave|771
888|22/03/2021|128|Autko|P.O. Box 963, 2613 Iaculis Rd.|713
889|10/02/2021|184|Przeglad Janex|Ap #176-7925 Neque. Ave|235
890|01/01/2021|170|Polskie przeglady|P.O. Box 444, 8632 Natoque Avenue|645
891|25/10/2020|115|Cztery kolka|9151 Mi St.|180
892|22/05/2020|111|Polskie przeglady|P.O. Box 924, 1704 Id, Rd.|271
893|14/03/2021|171|Polskie przeglady|P.O. Box 773, 6470 Eget Road|424
894|05/08/2020|161|Przeglad Janex|Ap #680-8250 Nunc Avenue|548
895|29/09/2020|183|Autko|930-2387 Blandit Street|564
896|10/06/2020|119|Cztery kolka|Ap #409-4691 Quisque Ave|226
897|21/06/2020|177|Autko|511-5877 Pharetra, Avenue|129
898|16/02/2021|100|Polskie przeglady|687-7324 Eget, Av.|724
899|04/09/2020|121|Autko|6694 Nam Avenue|308
900|18/06/2020|135|Cztery kolka|409-7282 Faucibus Road|710
901|04/01/2021|193|Cztery kolka|Ap #756-3910 Nunc Avenue|240
902|17/04/2021|146|Autko|760-5275 Fermentum Rd.|133
903|28/03/2021|104|Cztery kolka|Ap #604-7759 Ultrices Road|263
904|17/10/2020|127|Polskie przeglady|6268 Semper St.|770
905|08/11/2020|126|Cztery kolka|P.O. Box 953, 864 Eget, Rd.|875
906|14/06/2020|147|Cztery kolka|Ap #697-5742 Fusce St.|218
907|20/06/2020|144|Autko|P.O. Box 990, 3549 Quis, Rd.|799
908|21/02/2021|176|Przeglad Janex|Ap #207-9270 Imperdiet Avenue|675
909|31/03/2021|200|Przeglad Janex|4098 Elit St.|782
910|28/09/2020|151|Cztery kolka|622-5374 Dui. Road|284
911|10/01/2021|193|Autko|Ap #972-6289 Velit St.|639
912|17/08/2020|190|Autko|P.O. Box 371, 4894 Malesuada Rd.|445
913|30/05/2020|108|Cztery kolka|Ap #672-7579 Velit St.|193
914|03/04/2021|192|Przeglad Janex|7450 Arcu. Rd.|486
915|04/08/2020|162|Przeglad Janex|P.O. Box 599, 7174 Ullamcorper. Ave|401
916|05/06/2020|103|Autko|459-4521 Vestibulum Av.|14
917|12/07/2020|115|Przeglad Janex|P.O. Box 711, 8860 Molestie Avenue|806
918|10/07/2020|116|Autko|P.O. Box 561, 7560 Cras St.|935
919|09/05/2020|192|Cztery kolka|P.O. Box 285, 7196 Porta Street|630
920|04/05/2021|122|Cztery kolka|P.O. Box 796, 1212 Quis Road|934
921|21/06/2020|158|Przeglad Janex|524 Sed Av.|360
922|11/02/2021|172|Autko|449-8524 Aliquet Ave|545
923|14/01/2021|110|Przeglad Janex|Ap #264-9667 Nunc Avenue|462
924|14/02/2021|129|Autko|262-7750 Arcu Av.|438
925|27/01/2021|154|Przeglad Janex|407-8759 Adipiscing Rd.|331
926|10/04/2021|189|Przeglad Janex|Ap #680-7455 Vel, Rd.|536
927|05/11/2020|110|Autko|144 Proin Ave|949
928|12/04/2021|173|Autko|P.O. Box 409, 7822 Neque Street|565
929|25/12/2020|122|Autko|P.O. Box 534, 6753 Tincidunt, St.|801
930|06/11/2020|122|Cztery kolka|4175 Sociis St.|10
931|16/12/2020|188|Polskie przeglady|P.O. Box 234, 1881 Et Avenue|521
932|20/04/2021|193|Cztery kolka|3063 Amet Avenue|94
933|16/05/2020|144|Przeglad Janex|8238 Cursus. Av.|854
934|20/07/2020|181|Polskie przeglady|P.O. Box 499, 5628 Tincidunt Rd.|184
935|12/01/2021|159|Przeglad Janex|Ap #711-3870 Molestie Road|527
936|18/03/2021|198|Przeglad Janex|P.O. Box 250, 5822 Ac, Rd.|952
937|08/08/2020|102|Autko|170-2305 A Av.|45
938|26/07/2020|126|Przeglad Janex|912-9455 Ligula Street|790
939|06/10/2020|143|Cztery kolka|P.O. Box 102, 8001 Volutpat. Rd.|623
940|16/08/2020|196|Cztery kolka|1975 Consectetuer St.|159
941|21/12/2020|114|Polskie przeglady|353-7957 Sapien, Road|199
942|15/06/2020|122|Polskie przeglady|P.O. Box 530, 825 Tristique St.|27
943|16/04/2021|127|Cztery kolka|7864 Consectetuer St.|37
944|14/10/2020|199|Cztery kolka|P.O. Box 772, 4348 Iaculis St.|521
945|02/12/2020|154|Cztery kolka|2916 Id Avenue|922
946|03/09/2020|145|Przeglad Janex|7596 Mauris, Avenue|49
947|10/09/2020|162|Polskie przeglady|8474 Aenean Street|396
948|10/09/2020|107|Przeglad Janex|331-7107 Diam Rd.|237
949|28/02/2021|123|Autko|463-455 Aliquam St.|225
950|25/01/2021|116|Polskie przeglady|P.O. Box 488, 2929 Libero Rd.|32
951|26/04/2021|183|Przeglad Janex|P.O. Box 357, 250 Feugiat Ave|812
952|23/05/2020|152|Polskie przeglady|3305 Gravida. St.|558
953|29/01/2021|183|Przeglad Janex|P.O. Box 861, 6098 Est. Road|508
954|21/08/2020|113|Polskie przeglady|118-984 Litora Avenue|722
955|02/05/2021|103|Cztery kolka|P.O. Box 873, 7128 Euismod Avenue|524
956|24/10/2020|142|Cztery kolka|Ap #564-3169 Ut Rd.|160
957|14/07/2020|102|Polskie przeglady|429-900 Justo St.|432
958|29/07/2020|108|Cztery kolka|635-8977 Aliquet. St.|965
959|06/03/2021|112|Autko|Ap #101-4571 Sit Avenue|965
960|12/03/2021|116|Przeglad Janex|P.O. Box 257, 7056 Lorem Road|101
961|30/07/2020|161|Autko|3814 Vitae Rd.|208
962|11/09/2020|188|Polskie przeglady|Ap #795-1799 Lorem Rd.|636
963|24/02/2021|122|Polskie przeglady|Ap #890-7771 Eleifend Ave|705
964|17/08/2020|158|Cztery kolka|734-2355 Nibh. Street|868
965|15/12/2020|192|Cztery kolka|9231 Nibh. St.|816
966|28/01/2021|193|Cztery kolka|Ap #198-2758 Metus. Ave|486
967|06/05/2021|189|Autko|5401 Tincidunt Road|931
968|16/03/2021|156|Cztery kolka|Ap #237-579 Cursus St.|465
969|25/09/2020|107|Przeglad Janex|6450 Sem Rd.|65
970|31/10/2020|109|Przeglad Janex|Ap #251-634 Mi Rd.|592
971|06/06/2020|171|Cztery kolka|808-3307 Dolor Rd.|486
972|25/10/2020|184|Przeglad Janex|Ap #676-1894 Eleifend St.|246
973|21/03/2021|171|Polskie przeglady|9984 Luctus St.|207
974|05/12/2020|193|Przeglad Janex|Ap #418-7129 Blandit Road|480
975|17/05/2020|168|Cztery kolka|Ap #955-6228 Sagittis. St.|290
976|02/06/2020|113|Cztery kolka|Ap #151-1276 A, Street|667
977|22/05/2020|126|Cztery kolka|Ap #679-3540 Diam Avenue|264
978|04/03/2021|112|Autko|226-1745 Mattis St.|74
979|06/12/2020|143|Polskie przeglady|Ap #438-237 Ut Avenue|792
980|16/12/2020|104|Polskie przeglady|106-4365 Interdum. Av.|640
981|22/10/2020|127|Przeglad Janex|4519 Eget St.|298
982|28/08/2020|111|Cztery kolka|P.O. Box 471, 8254 A St.|494
983|07/08/2020|143|Przeglad Janex|P.O. Box 312, 1354 Nulla. Av.|167
984|27/08/2020|167|Autko|P.O. Box 629, 1212 Nunc St.|661
985|07/06/2020|189|Autko|7536 Sapien. Rd.|49
986|14/12/2020|159|Autko|Ap #652-3461 A, St.|890
987|14/02/2021|174|Przeglad Janex|1192 Non Av.|992
988|09/10/2020|153|Autko|P.O. Box 172, 4728 Sit Av.|793
989|20/06/2020|183|Polskie przeglady|1803 Auctor, Rd.|237
990|09/08/2020|147|Cztery kolka|Ap #964-4669 Non, Ave|660
991|19/08/2020|107|Polskie przeglady|Ap #943-6326 Mollis Rd.|822
992|17/02/2021|140|Przeglad Janex|3920 Eu Ave|586
993|25/02/2021|108|Polskie przeglady|Ap #489-9872 Nunc Street|575
994|11/11/2020|190|Polskie przeglady|491-6839 In Avenue|390
995|19/04/2021|106|Cztery kolka|895-6306 Mauris Ave|673
996|19/08/2020|147|Polskie przeglady|9212 Pede, St.|478
997|20/06/2020|178|Autko|172-1811 Id, Ave|694
998|12/03/2021|176|Cztery kolka|164-5333 Lobortis Street|302
999|18/01/2021|170|Cztery kolka|Ap #587-966 Felis Street|638
1000|26/05/2020|101|Cztery kolka|P.O. Box 596, 3598 Ullamcorper, Street|284
