id_serwisu|rodzaj_serwisu|nazwa_firmy_serwisujacej|adres_firmy_serwisujacej|id_auta|data_serwisu
1|Wymiana Opon|Auto-Man|6219 Risus. St.|544|23/03/2021
2|Lakierowanie|Auto-Man|7848 Convallis Rd.|12|27/06/2019
3|Lakierowanie|Serwis samochodowy M4K|P.O. Box 971, 8457 Nec, Ave|995|04/12/2020
4|Wymiana Czesci|Serwis samochodowy M4K|404 Volutpat. Av.|382|15/03/2021
5|Lakierowanie|Auto-Man|Ap #861-8083 Magna Avenue|364|27/12/2020
6|Wymiana Opon|ASO|4883 Est, Av.|526|25/01/2021
7|Lakierowanie|Serwis samochodowy M4K|1664 Ultricies Rd.|371|13/12/2020
8|Wymiana Opon|Auto-Max|1847 Porttitor Rd.|1|09/01/2021
9|Naprawa|Serwis samochodowy M4K|1500 Ornare, Avenue|333|14/08/2019
10|Wymiana Czesci|Serwis samochodowy M4K|287 Eu St.|656|02/02/2021
11|Tapicerowanie|ASO|5810 Elit, Av.|178|04/09/2020
12|Lakierowanie|ASO|1266 Gravida. St.|946|26/06/2020
13|Naprawa|Auto-Max|P.O. Box 464, 4134 Lectus. Road|291|01/03/2020
14|Tapicerowanie|Auto-Man|9115 Tempus, Street|359|07/09/2020
15|Naprawa|Serwis samochodowy M4K|P.O. Box 312, 5862 Cras Rd.|57|15/04/2021
16|Wymiana Czesci|ASO|628-7431 Eleifend Rd.|811|13/10/2020
17|Tapicerowanie|ASO|929 Erat Road|46|01/02/2021
18|Lakierowanie|ASO|P.O. Box 482, 6793 Egestas. Street|491|28/12/2019
19|Wymiana Czesci|Auto-Max|Ap #292-3200 Ultricies Street|598|01/04/2020
20|Lakierowanie|ASO|Ap #959-6558 Eget Avenue|764|27/03/2020
21|Lakierowanie|Auto-Max|8156 Nonummy Avenue|435|12/02/2021
22|Wymiana Czesci|ASO|P.O. Box 886, 3009 Donec St.|614|01/11/2019
23|Tapicerowanie|ASO|7523 Vestibulum Street|56|26/07/2019
24|Tapicerowanie|Serwis samochodowy M4K|Ap #257-1652 Proin Rd.|687|18/11/2020
25|Lakierowanie|Serwis samochodowy M4K|Ap #753-7213 Fames Rd.|392|31/12/2019
26|Naprawa|Auto-Man|Ap #601-3595 Integer Ave|302|11/04/2021
27|Tapicerowanie|Serwis samochodowy M4K|P.O. Box 806, 8161 Orci, Avenue|48|08/02/2020
28|Lakierowanie|Auto-Max|P.O. Box 851, 9945 Tincidunt St.|240|12/02/2021
29|Wymiana Opon|Serwis samochodowy M4K|Ap #179-6767 Eget, St.|115|17/03/2021
30|Naprawa|Auto-Max|7582 Nisl. Rd.|611|10/03/2020
31|Wymiana Opon|Auto-Max|P.O. Box 310, 6826 Proin Av.|71|20/09/2020
32|Wymiana Opon|Serwis samochodowy M4K|Ap #320-954 Dis Ave|701|30/10/2020
33|Wymiana Opon|Auto-Man|965-2364 Suspendisse St.|811|11/12/2019
34|Naprawa|ASO|Ap #111-9015 Vitae Street|20|23/03/2021
35|Tapicerowanie|Auto-Max|Ap #224-4526 Curae Avenue|552|18/11/2020
36|Tapicerowanie|Auto-Man|P.O. Box 380, 9615 Ac Ave|320|18/03/2021
37|Wymiana Czesci|Auto-Man|1468 Lacus. Avenue|377|05/06/2020
38|Naprawa|ASO|110-3294 Nec St.|167|07/11/2019
39|Wymiana Czesci|Auto-Man|P.O. Box 403, 912 Fringilla Avenue|888|01/10/2020
40|Naprawa|ASO|9196 Maecenas Road|440|09/11/2019
41|Naprawa|ASO|P.O. Box 411, 143 Eu Road|625|22/01/2021
42|Tapicerowanie|Auto-Man|P.O. Box 565, 9784 Est, Road|482|13/01/2020
43|Wymiana Opon|Serwis samochodowy M4K|P.O. Box 751, 9297 Velit Avenue|404|01/10/2020
44|Wymiana Czesci|Auto-Max|P.O. Box 806, 7372 Posuere St.|244|11/09/2020
45|Wymiana Czesci|Serwis samochodowy M4K|382-2862 Venenatis Rd.|105|26/06/2019
46|Lakierowanie|Auto-Max|Ap #337-724 Lorem, Avenue|982|29/04/2021
47|Naprawa|Serwis samochodowy M4K|P.O. Box 884, 6962 Pede, St.|790|26/12/2019
48|Tapicerowanie|Auto-Man|Ap #948-6679 Eget Rd.|248|30/06/2019
49|Wymiana Opon|Auto-Man|Ap #194-8789 Ipsum Avenue|850|03/06/2019
50|Lakierowanie|Auto-Max|P.O. Box 330, 7243 Ipsum Ave|262|11/04/2021
51|Naprawa|Auto-Man|P.O. Box 200, 3449 Ante St.|373|07/05/2021
52|Naprawa|Serwis samochodowy M4K|6434 Mattis. Rd.|657|01/04/2021
53|Wymiana Opon|ASO|P.O. Box 343, 4952 Augue Road|28|17/01/2021
54|Lakierowanie|Serwis samochodowy M4K|Ap #804-8128 Pede. St.|698|31/07/2020
55|Wymiana Opon|Auto-Max|218-9123 Lorem St.|994|26/12/2020
56|Naprawa|Auto-Man|Ap #998-891 Vivamus Road|517|30/08/2019
57|Tapicerowanie|ASO|262-9584 Vitae, Rd.|441|17/02/2021
58|Tapicerowanie|Auto-Man|469-6305 Eget St.|854|18/04/2020
59|Naprawa|Serwis samochodowy M4K|P.O. Box 681, 2260 Et Av.|86|13/04/2020
60|Naprawa|Auto-Man|7437 Commodo Av.|235|08/10/2019
61|Wymiana Czesci|Serwis samochodowy M4K|Ap #369-3786 Interdum Road|328|04/07/2019
62|Lakierowanie|ASO|318-4124 Non Av.|44|18/07/2020
63|Tapicerowanie|Auto-Max|8025 Curae Ave|591|01/10/2019
64|Naprawa|Auto-Man|2896 Elit, St.|575|01/11/2019
65|Wymiana Opon|Serwis samochodowy M4K|Ap #326-5782 Nunc St.|415|25/01/2021
66|Tapicerowanie|Serwis samochodowy M4K|Ap #478-6551 Ipsum St.|693|04/12/2019
67|Wymiana Opon|Serwis samochodowy M4K|Ap #472-2013 Dui. Rd.|177|17/06/2019
68|Naprawa|ASO|328-5865 Luctus Rd.|285|19/06/2020
69|Lakierowanie|Serwis samochodowy M4K|5023 At Rd.|430|08/11/2020
70|Naprawa|Auto-Max|503-7481 Dolor Rd.|347|23/05/2020
71|Lakierowanie|Auto-Max|235-7516 Nulla Av.|90|06/11/2019
72|Wymiana Czesci|Auto-Man|899-241 Aliquam Rd.|603|24/01/2020
73|Wymiana Czesci|Serwis samochodowy M4K|Ap #773-6921 Nec St.|829|21/06/2020
74|Wymiana Czesci|Auto-Man|P.O. Box 833, 2934 Ornare. St.|883|19/07/2020
75|Naprawa|ASO|4242 Non, Rd.|198|21/08/2020
76|Wymiana Czesci|Serwis samochodowy M4K|P.O. Box 686, 3714 Nunc Rd.|529|22/12/2019
77|Wymiana Opon|Auto-Man|821-6661 Sed Road|372|18/04/2020
78|Tapicerowanie|ASO|Ap #878-4294 Fermentum Ave|991|08/10/2019
79|Wymiana Opon|ASO|2849 Vel Street|305|22/01/2020
80|Naprawa|Auto-Man|9394 Etiam Street|824|01/09/2020
81|Lakierowanie|Auto-Man|424-3450 Gravida Road|957|18/02/2020
82|Wymiana Czesci|Serwis samochodowy M4K|2657 Non Street|408|20/02/2021
83|Naprawa|Auto-Man|923-151 Pede St.|47|29/06/2020
84|Wymiana Opon|Auto-Man|417 Ac Rd.|105|19/02/2021
85|Wymiana Opon|Auto-Man|7480 Id, Rd.|962|23/05/2019
86|Lakierowanie|Auto-Man|P.O. Box 782, 1399 Auctor Road|666|09/06/2019
87|Tapicerowanie|Serwis samochodowy M4K|P.O. Box 202, 5303 Vulputate, Ave|879|31/07/2019
88|Naprawa|ASO|P.O. Box 964, 7876 Quis, St.|34|06/10/2019
89|Naprawa|Auto-Max|416-4836 Et Av.|152|25/01/2021
90|Lakierowanie|Serwis samochodowy M4K|Ap #691-7918 Nec Street|504|05/07/2020
91|Tapicerowanie|Auto-Max|P.O. Box 635, 6885 Vel Street|140|10/12/2019
92|Wymiana Opon|Auto-Man|P.O. Box 795, 8349 Vivamus Street|364|05/10/2019
93|Tapicerowanie|Serwis samochodowy M4K|Ap #263-6694 Euismod St.|247|31/08/2020
94|Wymiana Czesci|Auto-Max|156-8412 Enim Street|626|03/12/2020
95|Tapicerowanie|Auto-Man|960-9773 Ut, Street|754|14/02/2021
96|Naprawa|Serwis samochodowy M4K|Ap #966-7665 Lacinia Rd.|87|29/01/2020
97|Naprawa|Serwis samochodowy M4K|P.O. Box 538, 686 Quam, Rd.|432|01/02/2020
98|Wymiana Opon|ASO|P.O. Box 623, 9575 Ut Street|735|14/05/2019
99|Wymiana Opon|Serwis samochodowy M4K|Ap #319-9857 Risus, St.|664|02/03/2020
100|Tapicerowanie|Auto-Max|Ap #555-9783 Ipsum Ave|671|08/11/2019
101|Tapicerowanie|ASO|P.O. Box 507, 4124 Amet, Road|826|23/12/2020
102|Wymiana Czesci|Serwis samochodowy M4K|P.O. Box 793, 431 Pellentesque Ave|224|23/03/2020
103|Wymiana Czesci|Auto-Man|942-6956 Lobortis Road|819|07/04/2020
104|Lakierowanie|Serwis samochodowy M4K|521-8691 In Street|337|07/12/2019
105|Wymiana Czesci|Serwis samochodowy M4K|P.O. Box 652, 4858 Dapibus Avenue|489|16/09/2019
106|Wymiana Opon|Auto-Max|6436 Adipiscing, Rd.|346|02/11/2020
107|Wymiana Opon|Auto-Max|254-8357 Erat Street|152|14/10/2020
108|Tapicerowanie|Serwis samochodowy M4K|727-8575 Nisi. St.|790|25/06/2019
109|Lakierowanie|Auto-Max|7633 Praesent St.|274|08/01/2020
110|Naprawa|Auto-Max|9835 Aliquam Avenue|604|17/02/2020
111|Wymiana Czesci|Serwis samochodowy M4K|Ap #610-6913 Velit. Avenue|782|05/03/2021
112|Naprawa|Auto-Max|9533 Integer Av.|620|27/11/2019
113|Naprawa|Auto-Man|4677 Vivamus Av.|387|19/03/2021
114|Wymiana Czesci|Auto-Man|P.O. Box 563, 3316 Nulla Street|257|11/01/2020
115|Tapicerowanie|Serwis samochodowy M4K|Ap #660-4574 Interdum Street|382|23/09/2019
116|Tapicerowanie|Serwis samochodowy M4K|376 Purus Road|552|23/01/2020
117|Wymiana Opon|Auto-Max|4053 Sapien. Avenue|666|14/10/2019
118|Lakierowanie|Auto-Man|1262 Ac Ave|391|20/10/2020
119|Lakierowanie|Serwis samochodowy M4K|268-3968 Quam. Ave|286|01/11/2020
120|Lakierowanie|Serwis samochodowy M4K|P.O. Box 324, 2571 Ultrices Av.|635|23/10/2020
121|Wymiana Opon|Auto-Man|P.O. Box 260, 3169 Velit Rd.|759|17/09/2019
122|Wymiana Czesci|ASO|Ap #249-2814 Lorem, Rd.|818|25/11/2019
123|Lakierowanie|ASO|Ap #742-7730 Nulla Road|304|15/01/2020
124|Wymiana Opon|Auto-Man|885-4852 Id Ave|519|12/01/2020
125|Lakierowanie|Serwis samochodowy M4K|6090 Suspendisse Avenue|205|10/06/2019
126|Wymiana Opon|Auto-Max|2129 Enim. Rd.|957|01/03/2021
127|Wymiana Czesci|Auto-Man|Ap #722-1226 Quisque Street|238|27/07/2020
128|Wymiana Czesci|Serwis samochodowy M4K|Ap #431-2628 Sapien. St.|930|29/07/2019
129|Wymiana Czesci|Serwis samochodowy M4K|Ap #645-9394 Bibendum. St.|595|28/03/2021
130|Tapicerowanie|Auto-Max|Ap #416-1654 Dictum Road|318|18/12/2020
131|Wymiana Opon|Serwis samochodowy M4K|350-7417 Enim, Av.|801|10/01/2020
132|Tapicerowanie|ASO|196-2137 Interdum. St.|413|01/08/2019
133|Wymiana Opon|ASO|584-7027 Et, St.|853|28/08/2020
134|Naprawa|ASO|555-6012 Per Av.|482|26/02/2021
135|Naprawa|ASO|P.O. Box 608, 3383 Aptent Av.|894|29/01/2021
136|Naprawa|Auto-Max|246-2704 Aenean Av.|546|09/10/2020
137|Lakierowanie|Auto-Man|P.O. Box 763, 4510 Venenatis Rd.|417|07/09/2020
138|Wymiana Opon|Serwis samochodowy M4K|P.O. Box 598, 4412 Donec St.|715|13/01/2021
139|Wymiana Opon|Auto-Man|155-1060 Mi Road|910|15/07/2019
140|Tapicerowanie|Auto-Man|3050 Eget St.|555|26/10/2019
141|Tapicerowanie|Auto-Man|752-719 Convallis St.|623|11/04/2020
142|Lakierowanie|Serwis samochodowy M4K|5238 Netus Rd.|632|27/08/2019
143|Lakierowanie|Auto-Man|Ap #572-1568 Eget, Av.|205|01/06/2019
144|Wymiana Opon|ASO|5143 Quisque St.|925|13/05/2020
145|Wymiana Opon|Auto-Max|Ap #564-8861 Sed Ave|977|14/12/2020
146|Wymiana Opon|Serwis samochodowy M4K|Ap #660-4865 Tempus Street|268|24/10/2020
147|Wymiana Czesci|Auto-Max|927-6281 Vulputate, Road|331|16/08/2019
148|Lakierowanie|Auto-Man|P.O. Box 565, 7687 Felis Avenue|250|16/05/2019
149|Naprawa|Serwis samochodowy M4K|500-8617 Vestibulum Rd.|285|14/07/2019
150|Wymiana Czesci|Serwis samochodowy M4K|P.O. Box 514, 4665 Adipiscing Street|3|20/02/2020
151|Lakierowanie|Auto-Max|P.O. Box 130, 4564 Phasellus Rd.|691|12/05/2020
152|Wymiana Czesci|Auto-Max|1268 Aenean Rd.|315|04/02/2021
153|Wymiana Opon|ASO|198-3339 Lobortis St.|825|27/10/2020
154|Wymiana Opon|ASO|Ap #382-6701 Lorem Ave|100|25/04/2021
155|Tapicerowanie|ASO|P.O. Box 498, 2704 Ac, St.|359|28/07/2020
156|Wymiana Opon|ASO|P.O. Box 845, 2335 Aliquam Avenue|259|27/08/2019
157|Naprawa|Auto-Max|3535 Purus, Avenue|106|29/03/2021
158|Naprawa|Serwis samochodowy M4K|787-1417 Sed Avenue|96|13/02/2021
159|Tapicerowanie|ASO|Ap #182-2022 Gravida. Avenue|864|22/10/2019
160|Tapicerowanie|Serwis samochodowy M4K|Ap #846-1144 Auctor Rd.|909|16/05/2020
161|Wymiana Opon|Serwis samochodowy M4K|253-9919 Ipsum. Rd.|485|02/03/2021
162|Lakierowanie|Serwis samochodowy M4K|3836 Dolor St.|978|31/07/2019
163|Naprawa|Serwis samochodowy M4K|Ap #169-8704 Ut St.|614|01/07/2019
164|Lakierowanie|ASO|Ap #482-6668 Lacus. Avenue|21|16/04/2021
165|Wymiana Opon|Serwis samochodowy M4K|Ap #796-6030 Porttitor Av.|167|14/04/2021
166|Tapicerowanie|Auto-Max|Ap #272-2496 Tristique St.|747|23/12/2019
167|Tapicerowanie|Serwis samochodowy M4K|531-1926 Mauris Rd.|661|17/11/2020
168|Wymiana Opon|ASO|P.O. Box 422, 4090 Morbi St.|771|07/02/2021
169|Lakierowanie|Auto-Max|P.O. Box 717, 6266 Libero St.|779|27/09/2020
170|Wymiana Czesci|Auto-Man|485-7459 Odio Rd.|536|09/12/2020
171|Wymiana Opon|Auto-Man|6324 Nibh St.|453|28/12/2019
172|Naprawa|Serwis samochodowy M4K|P.O. Box 890, 3263 Eu Ave|444|02/11/2019
173|Wymiana Czesci|Auto-Man|8959 Maecenas St.|462|19/12/2019
174|Tapicerowanie|Auto-Max|8941 Dolor, Rd.|41|06/05/2021
175|Naprawa|Auto-Max|P.O. Box 410, 5933 Hendrerit Avenue|263|07/10/2020
176|Tapicerowanie|Auto-Max|312-2618 Duis Street|305|12/08/2019
177|Tapicerowanie|Serwis samochodowy M4K|7011 Cras Rd.|964|07/11/2019
178|Wymiana Czesci|ASO|Ap #167-5007 Mauris Rd.|961|30/08/2020
179|Tapicerowanie|ASO|P.O. Box 834, 3489 Ante Rd.|76|22/10/2020
180|Wymiana Czesci|Serwis samochodowy M4K|P.O. Box 266, 5688 Justo St.|255|15/02/2021
181|Lakierowanie|ASO|P.O. Box 978, 6052 Elementum, St.|151|25/06/2019
182|Wymiana Opon|Serwis samochodowy M4K|6875 Aliquam Rd.|365|06/01/2020
183|Wymiana Opon|Serwis samochodowy M4K|P.O. Box 853, 6333 Dictum Avenue|246|30/05/2019
184|Tapicerowanie|Serwis samochodowy M4K|646 Semper Rd.|3|22/07/2020
185|Tapicerowanie|Auto-Max|P.O. Box 664, 101 Adipiscing Road|967|20/08/2019
186|Naprawa|Auto-Max|Ap #865-4074 Consequat Av.|475|07/02/2020
187|Wymiana Czesci|Serwis samochodowy M4K|Ap #538-6446 Augue Road|894|30/09/2019
188|Wymiana Opon|Serwis samochodowy M4K|258-1594 Cursus Av.|873|04/05/2020
189|Wymiana Czesci|Auto-Man|456-8715 Lectus Av.|895|12/10/2020
190|Tapicerowanie|Auto-Man|P.O. Box 637, 8519 Neque St.|930|13/04/2020
191|Tapicerowanie|Auto-Max|Ap #689-7684 Mi Road|69|27/04/2020
192|Naprawa|ASO|P.O. Box 627, 9452 Nulla Ave|37|12/03/2020
193|Tapicerowanie|ASO|1129 Scelerisque Rd.|899|04/09/2020
194|Lakierowanie|Serwis samochodowy M4K|451-2644 Eu St.|231|23/09/2020
195|Tapicerowanie|Serwis samochodowy M4K|846-1179 Varius St.|204|07/11/2019
196|Lakierowanie|Auto-Max|6002 Sed, Road|373|14/07/2019
197|Naprawa|Auto-Max|Ap #711-8466 Risus. Road|673|01/08/2019
198|Wymiana Czesci|Auto-Max|P.O. Box 370, 3767 Nulla. Road|746|15/06/2019
199|Wymiana Opon|Auto-Man|888-6336 Mollis Street|209|27/08/2019
200|Lakierowanie|ASO|P.O. Box 494, 1374 Sed Av.|798|07/06/2020
201|Lakierowanie|ASO|P.O. Box 433, 9620 Venenatis Road|22|08/06/2020
202|Naprawa|Auto-Man|Ap #934-3442 Aliquam, Street|733|19/02/2020
203|Tapicerowanie|Auto-Max|790-3211 Mi Street|64|29/07/2020
204|Tapicerowanie|ASO|P.O. Box 585, 9979 Ac, Road|561|23/03/2021
205|Lakierowanie|ASO|5738 Sociis St.|475|05/07/2020
206|Naprawa|Auto-Max|P.O. Box 198, 4778 Quis, Road|704|20/10/2019
207|Wymiana Czesci|Serwis samochodowy M4K|P.O. Box 830, 1252 Nisi Av.|607|04/08/2020
208|Wymiana Opon|Serwis samochodowy M4K|6088 Sed Road|458|11/10/2020
209|Wymiana Opon|ASO|P.O. Box 247, 5113 Diam. St.|58|08/07/2019
210|Naprawa|Serwis samochodowy M4K|Ap #590-6156 Aliquet. St.|440|16/08/2020
211|Lakierowanie|ASO|527-9095 Vitae Ave|563|31/07/2019
212|Wymiana Czesci|ASO|9366 Dictum Av.|568|20/05/2019
213|Wymiana Czesci|Auto-Max|210-911 Suspendisse St.|70|12/06/2020
214|Tapicerowanie|Auto-Max|999-9656 Varius Rd.|958|04/11/2019
215|Naprawa|ASO|2446 Mauris Av.|355|27/12/2019
216|Wymiana Opon|Serwis samochodowy M4K|Ap #914-9021 Sit St.|935|06/07/2019
217|Wymiana Opon|Serwis samochodowy M4K|P.O. Box 611, 8983 Dolor Street|384|04/05/2020
218|Wymiana Czesci|Auto-Man|P.O. Box 520, 2525 Tristique Road|274|22/02/2020
219|Wymiana Czesci|Serwis samochodowy M4K|591-6224 Nunc Rd.|612|23/03/2021
220|Tapicerowanie|ASO|Ap #237-3705 Sem Ave|408|17/02/2021
221|Wymiana Opon|Serwis samochodowy M4K|820-6498 Et, Ave|556|15/04/2020
222|Wymiana Czesci|Serwis samochodowy M4K|P.O. Box 209, 1463 At Rd.|424|14/07/2020
223|Tapicerowanie|ASO|479-4857 Quis Av.|218|17/11/2019
224|Tapicerowanie|Serwis samochodowy M4K|490-3648 Blandit Rd.|276|20/07/2020
225|Tapicerowanie|ASO|P.O. Box 529, 9784 Molestie Road|231|13/10/2019
226|Wymiana Opon|Serwis samochodowy M4K|P.O. Box 997, 4807 Nulla Rd.|615|27/04/2021
227|Naprawa|Auto-Max|P.O. Box 834, 3209 Cursus, Street|415|25/05/2019
228|Lakierowanie|Auto-Max|1984 Ac, St.|765|16/04/2020
229|Wymiana Opon|ASO|4692 Cras Rd.|649|03/07/2020
230|Wymiana Czesci|ASO|317-4962 Integer Ave|740|10/07/2020
231|Wymiana Opon|ASO|Ap #265-9254 Integer Rd.|781|15/11/2019
232|Wymiana Opon|Auto-Man|3761 Integer St.|627|11/10/2020
233|Wymiana Czesci|Serwis samochodowy M4K|Ap #590-2638 Nec Ave|813|25/06/2020
234|Wymiana Opon|Auto-Man|1893 Integer St.|858|14/06/2020
235|Wymiana Opon|Serwis samochodowy M4K|4181 Ligula Rd.|491|17/11/2019
236|Wymiana Czesci|ASO|4893 Commodo St.|751|07/03/2021
237|Wymiana Czesci|ASO|1513 Quis, Street|901|09/11/2020
238|Naprawa|Auto-Max|Ap #991-4546 Ligula Avenue|91|10/10/2020
239|Tapicerowanie|Auto-Max|P.O. Box 811, 8092 Vel Av.|216|13/06/2020
240|Wymiana Czesci|ASO|7472 Etiam Rd.|976|24/02/2020
241|Wymiana Opon|Auto-Man|Ap #392-9135 Cum Avenue|794|23/06/2019
242|Wymiana Czesci|Auto-Man|5781 Tincidunt Street|787|20/10/2019
243|Wymiana Czesci|ASO|P.O. Box 915, 6150 Dignissim Av.|811|01/11/2020
244|Wymiana Opon|Auto-Man|6983 Nunc Street|557|19/02/2020
245|Lakierowanie|ASO|161-1717 Ipsum Avenue|13|15/09/2020
246|Tapicerowanie|Auto-Max|6857 Elit. Road|732|07/05/2020
247|Naprawa|Serwis samochodowy M4K|7133 Tristique Rd.|152|16/04/2020
248|Tapicerowanie|ASO|3524 Etiam Street|938|17/11/2020
249|Lakierowanie|Auto-Man|P.O. Box 730, 2582 Nunc Ave|679|08/07/2020
250|Naprawa|ASO|535-6390 Non Road|311|04/12/2020
251|Wymiana Czesci|ASO|852-4011 Sed Road|843|22/05/2019
252|Wymiana Opon|Auto-Man|Ap #663-6620 Pede, St.|299|24/03/2020
253|Lakierowanie|Serwis samochodowy M4K|816-3588 Mus. Road|436|15/02/2021
254|Lakierowanie|Auto-Man|P.O. Box 839, 4673 Dui Rd.|485|02/09/2019
255|Tapicerowanie|ASO|P.O. Box 237, 3716 Ultrices Av.|746|09/07/2019
256|Wymiana Opon|Auto-Man|3137 Et, Street|344|01/07/2019
257|Wymiana Opon|ASO|P.O. Box 953, 2553 Dolor. St.|843|23/01/2021
258|Wymiana Czesci|Serwis samochodowy M4K|4369 Vel St.|919|10/02/2020
259|Naprawa|ASO|P.O. Box 536, 1012 Tempor St.|776|02/05/2021
260|Lakierowanie|Auto-Man|906-3836 Dui Ave|335|29/11/2019
261|Lakierowanie|ASO|Ap #351-983 Nunc Av.|838|11/08/2020
262|Naprawa|ASO|P.O. Box 788, 3588 Nibh Street|615|17/01/2020
263|Wymiana Opon|ASO|7470 Sapien St.|594|06/03/2020
264|Naprawa|Auto-Max|Ap #805-7663 Vulputate Rd.|410|20/03/2020
265|Tapicerowanie|ASO|2886 Aliquam Rd.|260|09/01/2021
266|Lakierowanie|Serwis samochodowy M4K|4613 Lorem Street|418|01/07/2019
267|Naprawa|ASO|Ap #348-104 Sit Rd.|890|12/09/2020
268|Tapicerowanie|Auto-Man|Ap #354-1889 Lorem St.|475|18/10/2020
269|Tapicerowanie|ASO|4010 Suspendisse St.|334|03/07/2020
270|Tapicerowanie|Auto-Max|662-3247 Tempor Rd.|727|28/11/2020
271|Wymiana Opon|Auto-Max|Ap #135-3901 Gravida St.|419|25/05/2020
272|Wymiana Czesci|Auto-Max|896-1759 At Avenue|460|31/03/2020
273|Tapicerowanie|Auto-Max|3894 Duis Rd.|596|20/11/2020
274|Lakierowanie|Serwis samochodowy M4K|P.O. Box 259, 9029 Rhoncus. Avenue|339|15/07/2020
275|Naprawa|Auto-Max|P.O. Box 762, 8481 Nisi. St.|324|17/11/2020
276|Tapicerowanie|Auto-Max|7974 Mi Rd.|371|03/06/2019
277|Lakierowanie|Serwis samochodowy M4K|Ap #530-4964 Duis Road|942|10/03/2021
278|Lakierowanie|ASO|Ap #959-9358 Mattis Rd.|852|15/04/2021
279|Naprawa|ASO|149-2295 Amet Rd.|719|15/05/2020
280|Naprawa|Auto-Man|P.O. Box 209, 9517 Nunc Avenue|27|09/05/2019
281|Wymiana Opon|Auto-Max|4891 Dui, St.|754|12/11/2019
282|Wymiana Czesci|Serwis samochodowy M4K|Ap #870-1303 Vivamus Avenue|163|09/04/2021
283|Tapicerowanie|Auto-Max|P.O. Box 257, 4225 Sed Street|179|19/10/2020
284|Wymiana Czesci|Auto-Man|113-7074 Morbi St.|589|24/04/2021
285|Tapicerowanie|Auto-Man|P.O. Box 977, 2801 Ridiculus Av.|763|14/01/2020
286|Wymiana Opon|Auto-Man|633-5813 Duis Rd.|730|13/12/2020
287|Wymiana Czesci|Serwis samochodowy M4K|P.O. Box 222, 8693 A Ave|776|05/03/2021
288|Wymiana Czesci|Serwis samochodowy M4K|P.O. Box 214, 8474 Nec Rd.|762|12/02/2021
289|Naprawa|Auto-Max|4633 Facilisis Rd.|173|29/12/2019
290|Wymiana Czesci|ASO|P.O. Box 811, 7939 Sed, Av.|809|06/10/2019
291|Naprawa|Auto-Man|657-2005 Nullam St.|535|06/08/2020
292|Wymiana Opon|Auto-Max|P.O. Box 250, 2791 Amet Street|201|31/07/2019
293|Wymiana Opon|ASO|Ap #140-2254 Egestas. St.|111|20/06/2020
294|Wymiana Czesci|Auto-Max|7119 Nulla. Avenue|23|19/12/2019
295|Wymiana Czesci|ASO|219 Scelerisque Road|812|10/10/2019
296|Naprawa|ASO|871-7166 Suspendisse Rd.|591|17/12/2020
297|Lakierowanie|Serwis samochodowy M4K|P.O. Box 236, 1185 Commodo Ave|197|02/09/2019
298|Tapicerowanie|Auto-Man|Ap #287-6058 Massa. Av.|28|10/10/2019
299|Lakierowanie|Serwis samochodowy M4K|Ap #812-4397 Mauris Rd.|460|01/12/2020
300|Wymiana Opon|Auto-Man|100-6031 Etiam Road|528|01/11/2020
301|Wymiana Czesci|Auto-Man|P.O. Box 844, 8311 At, St.|419|22/01/2020
302|Naprawa|Auto-Max|9855 Molestie Road|500|21/01/2020
303|Wymiana Opon|Serwis samochodowy M4K|P.O. Box 345, 7275 Eu St.|629|15/03/2021
304|Naprawa|Auto-Man|961-2122 Enim Rd.|749|14/10/2019
305|Wymiana Czesci|Auto-Man|4074 In, Street|921|01/11/2020
306|Wymiana Czesci|Serwis samochodowy M4K|Ap #816-7240 Feugiat Rd.|214|07/10/2019
307|Lakierowanie|ASO|Ap #162-6466 Morbi St.|522|21/09/2019
308|Wymiana Czesci|Auto-Max|556-9621 Et, Rd.|415|22/03/2020
309|Lakierowanie|ASO|856-2181 Dui Avenue|245|24/11/2019
310|Tapicerowanie|Serwis samochodowy M4K|117-8302 Nec Av.|261|04/07/2020
311|Wymiana Czesci|Auto-Max|8372 Vitae Rd.|330|11/05/2020
312|Tapicerowanie|Auto-Max|Ap #395-5262 Et, St.|291|15/06/2020
313|Lakierowanie|Auto-Man|P.O. Box 838, 4666 Pharetra Ave|63|18/10/2019
314|Wymiana Czesci|Auto-Max|P.O. Box 709, 5780 Elementum, Road|36|20/11/2019
315|Tapicerowanie|Serwis samochodowy M4K|2513 Justo Rd.|159|24/05/2020
316|Tapicerowanie|ASO|5711 Dis St.|436|02/01/2021
317|Lakierowanie|ASO|Ap #340-3859 Et Ave|106|28/09/2019
318|Wymiana Opon|Serwis samochodowy M4K|3049 Integer St.|250|30/09/2020
319|Lakierowanie|Auto-Man|6783 Orci Ave|174|05/05/2020
320|Naprawa|ASO|679-9197 Eu Avenue|324|16/04/2021
321|Wymiana Opon|ASO|923-8629 Condimentum. St.|17|06/12/2019
322|Wymiana Czesci|Serwis samochodowy M4K|Ap #120-3695 Orci, Rd.|446|25/10/2019
323|Tapicerowanie|Auto-Man|1019 Donec Street|349|20/09/2019
324|Wymiana Czesci|Serwis samochodowy M4K|P.O. Box 380, 5010 Sed Rd.|940|15/07/2020
325|Tapicerowanie|Auto-Man|4431 Per St.|815|10/11/2019
326|Tapicerowanie|ASO|Ap #186-1461 Vitae Street|579|15/12/2019
327|Wymiana Opon|Serwis samochodowy M4K|P.O. Box 768, 2717 Montes, Street|69|19/04/2020
328|Lakierowanie|Auto-Max|756-5067 Mauris. Road|567|08/02/2021
329|Tapicerowanie|Auto-Man|P.O. Box 195, 2445 Facilisis Street|544|07/08/2020
330|Tapicerowanie|ASO|P.O. Box 268, 1361 Nullam Ave|451|16/10/2019
331|Wymiana Czesci|Auto-Max|1041 Etiam Road|282|02/10/2019
332|Tapicerowanie|Auto-Man|243-6212 Non Street|335|15/02/2021
333|Wymiana Opon|Auto-Man|246-3374 Quam, St.|518|08/02/2021
334|Lakierowanie|ASO|P.O. Box 542, 7168 Augue Avenue|846|10/12/2020
335|Wymiana Czesci|Serwis samochodowy M4K|870-5705 Sit Street|309|28/03/2021
336|Tapicerowanie|Serwis samochodowy M4K|4230 Duis Rd.|870|11/08/2020
337|Wymiana Opon|Auto-Man|P.O. Box 618, 2762 Elit, Ave|939|30/09/2020
338|Wymiana Czesci|ASO|Ap #522-4140 Tincidunt Avenue|646|19/06/2019
339|Wymiana Opon|Auto-Max|P.O. Box 397, 6356 Ullamcorper. Avenue|391|22/08/2019
340|Wymiana Czesci|Serwis samochodowy M4K|4511 Mattis Ave|99|04/02/2020
341|Lakierowanie|Serwis samochodowy M4K|510-154 Vel Avenue|519|06/06/2020
342|Wymiana Czesci|Auto-Max|652 Odio St.|527|23/09/2019
343|Tapicerowanie|Serwis samochodowy M4K|P.O. Box 734, 5381 Convallis St.|854|29/04/2020
344|Lakierowanie|Serwis samochodowy M4K|103-6505 Tellus Rd.|802|15/07/2020
345|Lakierowanie|Auto-Man|9595 Id Av.|473|19/09/2019
346|Tapicerowanie|Serwis samochodowy M4K|Ap #724-5220 Nulla Ave|620|08/02/2021
347|Wymiana Czesci|Auto-Max|6858 Est. Road|570|04/09/2019
348|Tapicerowanie|Auto-Man|P.O. Box 946, 9022 Nec Rd.|918|27/11/2019
349|Naprawa|ASO|P.O. Box 886, 9460 Dictum St.|578|29/08/2020
350|Wymiana Opon|Auto-Max|244-5337 Pellentesque Av.|730|06/10/2020
351|Wymiana Opon|Auto-Max|432-5172 Sagittis. Rd.|464|11/08/2020
352|Lakierowanie|Auto-Man|Ap #420-8419 Iaculis Rd.|922|13/08/2020
353|Tapicerowanie|Auto-Max|4437 Fringilla Street|387|03/04/2020
354|Wymiana Czesci|Auto-Man|373-1140 Feugiat Rd.|242|25/05/2020
355|Wymiana Czesci|Auto-Max|P.O. Box 840, 6069 Ipsum Avenue|438|04/10/2019
356|Naprawa|Auto-Man|127-7598 Curabitur Av.|579|14/11/2020
357|Lakierowanie|Auto-Man|1610 Semper St.|570|15/05/2019
358|Naprawa|Auto-Max|7231 Est Rd.|826|01/11/2019
359|Lakierowanie|Serwis samochodowy M4K|7576 Elementum Rd.|46|05/05/2020
360|Naprawa|ASO|P.O. Box 307, 2411 Nulla Rd.|133|19/01/2020
361|Lakierowanie|ASO|742-4100 Tristique St.|358|30/03/2020
362|Tapicerowanie|Auto-Man|Ap #971-8697 Mauris Rd.|364|22/04/2021
363|Wymiana Opon|Auto-Man|116 Magna. St.|158|13/07/2020
364|Lakierowanie|Serwis samochodowy M4K|P.O. Box 520, 9023 Massa. St.|917|10/02/2021
365|Wymiana Opon|Auto-Man|P.O. Box 281, 4045 Augue Rd.|720|24/03/2021
366|Wymiana Opon|Serwis samochodowy M4K|247-366 Elit. Road|688|24/03/2021
367|Naprawa|ASO|7050 Consequat Avenue|334|26/03/2021
368|Tapicerowanie|Auto-Max|7273 Non, Avenue|633|26/06/2019
369|Wymiana Czesci|ASO|5589 Aliquam Street|491|15/11/2020
370|Tapicerowanie|Auto-Max|Ap #617-8399 Mollis St.|953|20/08/2020
371|Wymiana Opon|Auto-Man|736-6767 Nulla. Rd.|81|26/10/2020
372|Lakierowanie|Serwis samochodowy M4K|6794 Vitae Rd.|803|08/05/2021
373|Naprawa|Auto-Man|P.O. Box 389, 8579 Eget Road|453|27/06/2020
374|Wymiana Opon|Auto-Man|653-6856 Consequat Av.|177|22/09/2020
375|Lakierowanie|ASO|Ap #168-4935 Id, St.|249|24/09/2020
376|Lakierowanie|Auto-Man|7739 Purus. St.|855|03/09/2019
377|Lakierowanie|Serwis samochodowy M4K|7741 Tempus Rd.|784|12/07/2020
378|Lakierowanie|ASO|P.O. Box 242, 8938 Quisque Av.|741|02/01/2020
379|Wymiana Opon|Serwis samochodowy M4K|P.O. Box 497, 3416 Mauris, Avenue|95|04/08/2019
380|Tapicerowanie|Auto-Max|Ap #769-9505 Diam Street|620|25/12/2020
381|Naprawa|ASO|5428 Fermentum Street|964|09/09/2019
382|Lakierowanie|Auto-Max|342-1338 Magna. Street|541|03/09/2020
383|Naprawa|Auto-Man|Ap #531-3194 Praesent Ave|838|19/10/2020
384|Wymiana Opon|Auto-Man|P.O. Box 103, 3393 Proin Avenue|777|18/12/2020
385|Naprawa|Auto-Man|P.O. Box 391, 2782 Risus St.|701|10/04/2021
386|Wymiana Czesci|Serwis samochodowy M4K|Ap #854-6052 Eros Street|318|08/03/2020
387|Wymiana Czesci|Serwis samochodowy M4K|3089 Proin Avenue|801|07/09/2019
388|Wymiana Opon|Serwis samochodowy M4K|3204 Pede, Av.|304|28/02/2021
389|Lakierowanie|ASO|P.O. Box 327, 4340 Dictum. Avenue|644|28/06/2019
390|Wymiana Opon|ASO|Ap #604-628 Consectetuer Road|269|28/08/2020
391|Wymiana Czesci|Auto-Max|Ap #990-1639 Sem Road|761|17/09/2019
392|Wymiana Czesci|Auto-Max|Ap #936-8087 Sagittis Ave|385|19/10/2020
393|Lakierowanie|Auto-Max|944-7497 Sem Rd.|255|08/10/2020
394|Tapicerowanie|ASO|Ap #139-8221 Quisque Rd.|62|21/07/2020
395|Wymiana Opon|Auto-Max|8829 Vulputate Ave|965|02/01/2020
396|Wymiana Opon|Auto-Man|Ap #692-916 Non, Avenue|291|26/02/2021
397|Wymiana Opon|Serwis samochodowy M4K|P.O. Box 666, 2386 Pharetra, Avenue|235|04/07/2019
398|Naprawa|Serwis samochodowy M4K|P.O. Box 100, 5072 Donec Rd.|613|11/04/2020
399|Wymiana Czesci|ASO|1541 Suscipit Av.|393|03/12/2020
400|Tapicerowanie|Serwis samochodowy M4K|P.O. Box 197, 6361 Non Av.|863|01/02/2020
401|Wymiana Czesci|Auto-Man|117-8025 Donec Av.|951|24/06/2019
402|Naprawa|Auto-Max|Ap #425-426 Eros St.|957|09/07/2019
403|Tapicerowanie|Serwis samochodowy M4K|Ap #448-2799 Nulla. Avenue|192|27/12/2019
404|Lakierowanie|Serwis samochodowy M4K|Ap #360-2926 Etiam Av.|161|08/08/2019
405|Lakierowanie|Serwis samochodowy M4K|Ap #583-5088 Pulvinar Rd.|513|09/08/2020
406|Lakierowanie|Auto-Max|8897 Diam St.|614|08/06/2019
407|Lakierowanie|ASO|266 Rutrum. Avenue|621|29/01/2021
408|Wymiana Czesci|Serwis samochodowy M4K|807-9527 Facilisis Ave|548|15/06/2019
409|Tapicerowanie|ASO|115-7664 Curabitur Road|599|02/08/2020
410|Lakierowanie|Auto-Man|Ap #243-4900 Sodales Avenue|789|10/08/2019
411|Wymiana Opon|Auto-Max|Ap #357-3991 Non Av.|510|10/09/2020
412|Naprawa|ASO|589-7862 Nam Rd.|840|21/10/2019
413|Wymiana Opon|Serwis samochodowy M4K|641-9524 Phasellus Ave|509|23/08/2019
414|Wymiana Opon|Serwis samochodowy M4K|821 Semper, Avenue|28|30/08/2019
415|Lakierowanie|Auto-Man|Ap #395-1354 Magna. Street|409|26/11/2020
416|Wymiana Opon|Auto-Max|P.O. Box 303, 6073 Aptent St.|592|21/12/2019
417|Wymiana Opon|Auto-Man|P.O. Box 280, 7774 Integer St.|48|20/05/2020
418|Wymiana Opon|Auto-Man|P.O. Box 861, 6241 Cum Road|484|07/11/2019
419|Wymiana Opon|ASO|Ap #803-7363 At St.|619|08/06/2020
420|Wymiana Opon|Auto-Max|Ap #787-2577 Dictum Av.|246|20/03/2021
421|Tapicerowanie|Auto-Max|Ap #183-7430 Placerat, Rd.|421|30/10/2020
422|Lakierowanie|ASO|Ap #189-9652 Iaculis, Avenue|790|25/10/2020
423|Lakierowanie|Serwis samochodowy M4K|Ap #184-9208 Vehicula Rd.|277|29/06/2019
424|Naprawa|Auto-Man|4217 Dolor Ave|530|09/02/2020
425|Tapicerowanie|Serwis samochodowy M4K|9449 Curabitur Rd.|186|13/11/2019
426|Naprawa|ASO|2807 Eu St.|240|27/10/2019
427|Naprawa|Auto-Man|5965 Feugiat. Street|548|07/04/2020
428|Tapicerowanie|Serwis samochodowy M4K|P.O. Box 170, 5468 Nibh. Rd.|763|02/08/2020
429|Lakierowanie|Auto-Man|P.O. Box 819, 5806 Nunc Ave|968|13/06/2020
430|Wymiana Czesci|Serwis samochodowy M4K|4146 Nunc. St.|575|09/07/2020
431|Wymiana Opon|ASO|Ap #445-6869 Facilisis Rd.|634|13/05/2020
432|Naprawa|Serwis samochodowy M4K|Ap #207-4148 Nullam Ave|173|17/07/2019
433|Lakierowanie|ASO|Ap #381-6881 Mi Road|512|10/12/2020
434|Naprawa|ASO|6265 Lacus Avenue|500|03/08/2019
435|Naprawa|Serwis samochodowy M4K|P.O. Box 300, 9383 Augue Street|457|26/12/2020
436|Lakierowanie|Auto-Max|Ap #474-6544 Turpis. Rd.|443|26/07/2020
437|Lakierowanie|Auto-Max|6472 Nunc Road|125|27/07/2019
438|Wymiana Czesci|Auto-Max|Ap #288-6331 Pede, Avenue|756|14/05/2019
439|Tapicerowanie|Auto-Max|P.O. Box 701, 7962 Gravida St.|326|31/01/2020
440|Tapicerowanie|ASO|392-8326 Non Rd.|654|18/07/2019
441|Wymiana Opon|ASO|3765 Porttitor Rd.|762|13/09/2019
442|Lakierowanie|Auto-Max|7657 Cras Road|701|01/06/2019
443|Tapicerowanie|Auto-Max|828-7454 Cras Rd.|782|07/03/2020
444|Tapicerowanie|Auto-Max|Ap #343-1914 Arcu. Avenue|802|08/11/2019
445|Naprawa|Serwis samochodowy M4K|Ap #662-1938 Id Ave|455|12/06/2019
446|Lakierowanie|Auto-Man|5831 Libero. St.|536|10/07/2020
447|Wymiana Czesci|Serwis samochodowy M4K|692-4972 Proin Rd.|197|02/09/2019
448|Lakierowanie|ASO|2017 Neque Road|613|12/08/2019
449|Naprawa|ASO|P.O. Box 595, 3876 Quam. Road|140|29/07/2019
450|Wymiana Opon|Serwis samochodowy M4K|Ap #161-5974 Bibendum Road|594|30/03/2021
451|Tapicerowanie|Serwis samochodowy M4K|P.O. Box 628, 5360 Lacinia Rd.|85|12/12/2019
452|Lakierowanie|ASO|Ap #199-8169 Sed St.|405|08/04/2020
453|Naprawa|ASO|761 Est Rd.|546|25/07/2020
454|Naprawa|Auto-Man|P.O. Box 808, 300 Consectetuer Rd.|421|21/09/2019
455|Wymiana Czesci|Serwis samochodowy M4K|3244 Ultrices St.|501|26/01/2021
456|Tapicerowanie|Auto-Max|6759 Risus. Rd.|330|13/05/2020
457|Wymiana Opon|Auto-Man|P.O. Box 860, 8243 Proin Avenue|755|21/06/2020
458|Naprawa|ASO|Ap #218-1138 Risus Road|707|14/11/2019
459|Naprawa|Serwis samochodowy M4K|622-5680 In Rd.|807|11/10/2020
460|Lakierowanie|Auto-Man|6064 Sit Avenue|724|22/03/2021
461|Tapicerowanie|ASO|636-5317 Lacinia Rd.|142|15/08/2020
462|Lakierowanie|Auto-Max|Ap #897-1920 Scelerisque Av.|211|09/07/2020
463|Tapicerowanie|ASO|3609 Sociosqu Rd.|528|18/01/2020
464|Wymiana Czesci|Serwis samochodowy M4K|252-5258 Euismod Street|900|15/05/2020
465|Naprawa|Serwis samochodowy M4K|627-2763 Urna. Avenue|244|08/08/2019
466|Wymiana Czesci|Auto-Man|Ap #176-7124 Sodales. St.|97|09/12/2020
467|Naprawa|Auto-Max|6035 Metus Street|896|26/02/2020
468|Wymiana Czesci|ASO|P.O. Box 182, 6334 Arcu Ave|331|09/06/2019
469|Naprawa|Serwis samochodowy M4K|Ap #781-951 Blandit Street|965|10/01/2021
470|Lakierowanie|Auto-Man|Ap #210-5629 Mauris Rd.|232|19/10/2019
471|Tapicerowanie|ASO|Ap #995-6678 Interdum Avenue|399|07/04/2021
472|Lakierowanie|Serwis samochodowy M4K|5196 Consequat Ave|433|11/03/2021
473|Lakierowanie|Auto-Man|P.O. Box 540, 1024 Mauris Rd.|301|09/10/2020
474|Wymiana Czesci|Serwis samochodowy M4K|P.O. Box 374, 2549 Urna Rd.|783|02/01/2020
475|Lakierowanie|Auto-Man|Ap #625-3820 Turpis. Av.|27|15/10/2019
476|Tapicerowanie|Auto-Max|1860 Ac Rd.|227|03/10/2020
477|Wymiana Czesci|ASO|Ap #509-627 A, Av.|569|02/10/2019
478|Wymiana Czesci|ASO|Ap #460-7495 Rhoncus. Ave|924|27/04/2020
479|Wymiana Czesci|Auto-Man|P.O. Box 878, 5282 Fermentum Avenue|126|23/04/2021
480|Naprawa|Serwis samochodowy M4K|942 Scelerisque Av.|390|27/03/2021
481|Wymiana Czesci|Auto-Max|Ap #339-5460 Fermentum Av.|593|11/09/2019
482|Naprawa|Serwis samochodowy M4K|734-8364 Mollis. Road|981|03/07/2020
483|Wymiana Opon|ASO|P.O. Box 303, 7906 Vitae Rd.|861|21/08/2020
484|Tapicerowanie|Auto-Max|P.O. Box 467, 6571 Cursus St.|67|02/12/2020
485|Wymiana Opon|Auto-Max|505-4616 Eget Avenue|626|01/01/2021
486|Naprawa|Auto-Man|P.O. Box 695, 5788 Felis Rd.|605|31/01/2020
487|Wymiana Czesci|Auto-Max|784-8239 Massa. Rd.|208|17/05/2019
488|Tapicerowanie|Serwis samochodowy M4K|P.O. Box 683, 7003 Ultrices Rd.|573|20/08/2019
489|Lakierowanie|Auto-Man|1730 Quisque Road|705|23/06/2019
490|Wymiana Czesci|ASO|P.O. Box 636, 6131 Nam Avenue|825|11/09/2019
491|Lakierowanie|ASO|9099 Cursus Ave|670|19/02/2021
492|Naprawa|Serwis samochodowy M4K|5211 Libero Ave|979|09/03/2020
493|Naprawa|Serwis samochodowy M4K|Ap #215-5239 Mauris Rd.|67|23/01/2021
494|Naprawa|ASO|Ap #703-1806 Aptent Rd.|272|11/08/2019
495|Wymiana Czesci|Auto-Max|325-4147 Tristique Ave|457|19/04/2020
496|Tapicerowanie|Auto-Man|Ap #355-4373 Eu St.|801|17/01/2020
497|Naprawa|ASO|Ap #348-9070 Mauris Road|492|05/01/2021
498|Wymiana Czesci|Auto-Man|200-5954 Pellentesque St.|312|31/01/2021
499|Lakierowanie|Serwis samochodowy M4K|6004 Vitae Street|74|21/08/2020
500|Lakierowanie|ASO|P.O. Box 827, 6778 Enim. St.|460|07/03/2021
501|Wymiana Czesci|Auto-Man|4005 Convallis Av.|172|14/12/2019
502|Naprawa|Serwis samochodowy M4K|Ap #423-5820 Bibendum Street|188|30/11/2020
503|Wymiana Czesci|Auto-Man|Ap #418-8770 Massa Rd.|854|16/02/2020
504|Wymiana Czesci|Auto-Max|814-6058 Quisque Ave|825|12/05/2019
505|Tapicerowanie|Auto-Man|Ap #341-3749 Duis Avenue|575|02/12/2020
506|Wymiana Opon|Auto-Max|784-9650 Vehicula Avenue|679|27/12/2019
507|Naprawa|ASO|Ap #155-4893 Molestie St.|116|04/08/2020
508|Tapicerowanie|Auto-Max|P.O. Box 356, 5616 Nulla St.|606|18/02/2020
509|Tapicerowanie|Serwis samochodowy M4K|6417 Odio. Avenue|192|07/04/2021
510|Wymiana Czesci|Auto-Man|Ap #986-5351 Vivamus Street|25|10/10/2020
511|Lakierowanie|Auto-Max|728-9598 Nisi. St.|832|14/05/2019
512|Tapicerowanie|Auto-Max|Ap #742-1998 Purus. Avenue|985|07/02/2020
513|Wymiana Czesci|ASO|P.O. Box 782, 3627 Tincidunt Street|325|23/12/2019
514|Lakierowanie|Serwis samochodowy M4K|7767 Egestas Street|498|29/06/2019
515|Wymiana Czesci|Auto-Max|6832 Placerat St.|557|06/06/2019
516|Wymiana Czesci|ASO|Ap #222-2852 Aenean Av.|335|06/01/2020
517|Wymiana Opon|Auto-Max|7037 Integer St.|257|03/03/2020
518|Lakierowanie|Auto-Max|P.O. Box 399, 9542 Eros. Ave|711|09/03/2021
519|Tapicerowanie|Auto-Man|528-1967 Feugiat St.|800|05/03/2021
520|Wymiana Opon|Auto-Max|Ap #821-9407 Ante Avenue|483|19/08/2019
521|Wymiana Czesci|ASO|702-9208 Non Street|725|02/03/2020
522|Tapicerowanie|ASO|5866 Vitae Rd.|915|29/11/2019
523|Wymiana Opon|Auto-Man|Ap #495-3040 Et, Av.|986|07/06/2020
524|Wymiana Czesci|Auto-Man|8746 Ligula Street|732|04/11/2020
525|Naprawa|Auto-Max|1460 Lobortis Rd.|648|26/10/2020
526|Naprawa|Auto-Man|P.O. Box 910, 8067 Nunc Street|136|13/11/2019
527|Wymiana Opon|Auto-Man|Ap #326-4171 Pellentesque Street|702|27/10/2020
528|Tapicerowanie|Serwis samochodowy M4K|9411 Maecenas Road|140|18/08/2020
529|Tapicerowanie|ASO|196-8658 Neque Ave|622|02/01/2020
530|Wymiana Czesci|Auto-Max|389-259 Faucibus Road|256|04/09/2019
531|Lakierowanie|Serwis samochodowy M4K|1291 Tellus Rd.|940|04/10/2020
532|Naprawa|Serwis samochodowy M4K|P.O. Box 537, 9520 Nisi St.|489|29/09/2019
533|Lakierowanie|ASO|378-3196 Convallis Road|59|05/09/2019
534|Wymiana Czesci|Auto-Max|9734 Nulla Av.|499|31/12/2019
535|Tapicerowanie|Auto-Max|Ap #773-2474 Ligula. St.|659|30/04/2020
536|Lakierowanie|ASO|P.O. Box 516, 1773 Elit Avenue|151|02/04/2020
537|Wymiana Czesci|Serwis samochodowy M4K|Ap #274-1101 Nam Av.|934|16/02/2020
538|Naprawa|Auto-Man|P.O. Box 623, 9308 Ultrices St.|859|14/09/2019
539|Naprawa|Auto-Man|P.O. Box 768, 8260 Dictum. Street|171|24/10/2019
540|Wymiana Opon|ASO|2048 Elementum St.|229|17/01/2020
541|Naprawa|ASO|P.O. Box 416, 3431 Nunc Rd.|835|06/07/2020
542|Wymiana Czesci|ASO|229-738 Elit, Rd.|892|22/04/2021
543|Wymiana Czesci|Serwis samochodowy M4K|Ap #927-9551 Turpis. Road|900|13/06/2019
544|Naprawa|Auto-Max|236 Aliquam Avenue|677|14/04/2021
545|Tapicerowanie|Serwis samochodowy M4K|163-1907 Aliquam Av.|859|24/10/2020
546|Wymiana Opon|Auto-Man|7093 Ac Ave|443|27/10/2019
547|Lakierowanie|Auto-Man|Ap #683-1107 Eget St.|618|11/03/2020
548|Naprawa|Auto-Max|2585 Morbi Road|826|02/05/2020
549|Naprawa|Auto-Max|939-4063 Auctor Road|308|29/03/2020
550|Naprawa|Auto-Man|724-2735 Non Rd.|640|22/11/2019
551|Wymiana Opon|Serwis samochodowy M4K|990-8866 Laoreet Rd.|568|17/10/2019
552|Wymiana Opon|Auto-Man|2173 Pede, Street|275|15/03/2021
553|Wymiana Czesci|Serwis samochodowy M4K|P.O. Box 123, 5126 Cursus Avenue|839|02/09/2020
554|Wymiana Czesci|Auto-Max|P.O. Box 990, 7342 Nascetur St.|384|12/08/2019
555|Tapicerowanie|Auto-Man|Ap #386-5023 Arcu. Avenue|88|01/08/2019
556|Lakierowanie|Auto-Man|3657 Natoque St.|499|28/12/2020
557|Lakierowanie|Serwis samochodowy M4K|Ap #548-471 Luctus Street|91|27/12/2019
558|Wymiana Opon|Auto-Man|Ap #772-9263 Ut, Av.|553|10/02/2021
559|Lakierowanie|Auto-Man|Ap #246-3448 Vel, Rd.|850|21/07/2020
560|Naprawa|Auto-Max|2672 Id, Rd.|594|09/05/2019
561|Tapicerowanie|Auto-Max|P.O. Box 649, 7163 Pulvinar Street|367|13/12/2019
562|Wymiana Opon|Auto-Max|5457 Blandit St.|976|12/12/2019
563|Tapicerowanie|Auto-Man|P.O. Box 471, 3686 Orci, Rd.|390|06/07/2020
564|Lakierowanie|Serwis samochodowy M4K|2846 Augue Ave|582|12/02/2021
565|Wymiana Czesci|Auto-Man|Ap #886-4553 Semper, Street|852|22/07/2020
566|Wymiana Opon|ASO|P.O. Box 276, 6022 Quisque Av.|98|04/06/2019
567|Lakierowanie|ASO|472-4707 Eu St.|791|27/10/2020
568|Tapicerowanie|Auto-Max|304-8726 Nullam Ave|275|14/01/2021
569|Lakierowanie|ASO|1903 A, Road|311|08/02/2020
570|Tapicerowanie|Serwis samochodowy M4K|6625 Etiam St.|36|02/06/2019
571|Wymiana Czesci|Serwis samochodowy M4K|P.O. Box 459, 9332 Ligula. Ave|401|16/07/2019
572|Naprawa|ASO|2945 Ridiculus Ave|103|16/02/2020
573|Tapicerowanie|Auto-Man|9900 Lorem Avenue|529|07/09/2019
574|Tapicerowanie|Auto-Max|8735 Libero. St.|442|20/12/2019
575|Naprawa|ASO|1632 Mauris Street|58|02/04/2021
576|Wymiana Czesci|Auto-Man|782 Et, St.|218|26/07/2019
577|Wymiana Czesci|Auto-Man|Ap #844-2721 Vulputate Rd.|938|10/02/2020
578|Tapicerowanie|ASO|4472 Urna. Rd.|922|14/01/2021
579|Wymiana Czesci|Auto-Max|1652 Lobortis Avenue|602|20/09/2019
580|Lakierowanie|Auto-Max|425-853 Dui. St.|705|19/05/2019
581|Wymiana Czesci|ASO|P.O. Box 881, 4309 Lacus. Street|553|14/07/2019
582|Lakierowanie|Auto-Max|438-1334 Augue St.|186|19/08/2020
583|Wymiana Opon|Auto-Max|Ap #814-4189 Non, Av.|607|29/12/2020
584|Tapicerowanie|Auto-Man|1798 Lacus. Rd.|815|20/06/2020
585|Wymiana Czesci|Serwis samochodowy M4K|118-7082 Risus, Avenue|691|09/02/2021
586|Lakierowanie|Auto-Max|4064 Erat Road|758|11/07/2019
587|Wymiana Czesci|Auto-Max|Ap #458-7472 Risus. Street|376|28/07/2019
588|Naprawa|Serwis samochodowy M4K|P.O. Box 858, 5694 Posuere Ave|532|17/04/2021
589|Wymiana Opon|Auto-Max|955-8988 Vestibulum Rd.|390|01/04/2021
590|Wymiana Opon|Serwis samochodowy M4K|P.O. Box 994, 238 Facilisis, Street|112|12/05/2020
591|Wymiana Czesci|Auto-Max|996 Dapibus Av.|166|06/09/2020
592|Wymiana Opon|Serwis samochodowy M4K|9344 Semper Rd.|629|18/04/2021
593|Wymiana Opon|Serwis samochodowy M4K|4380 Semper St.|724|19/12/2020
594|Naprawa|Auto-Man|Ap #927-149 Tempus Rd.|368|21/07/2019
595|Tapicerowanie|Serwis samochodowy M4K|133-3510 Nibh Rd.|353|26/08/2019
596|Tapicerowanie|ASO|Ap #777-3495 Integer Street|918|16/08/2020
597|Naprawa|Auto-Max|875-763 Curae Rd.|774|31/01/2021
598|Wymiana Opon|Auto-Max|P.O. Box 513, 9766 Integer Ave|35|02/06/2019
599|Wymiana Czesci|Auto-Man|P.O. Box 241, 5708 Tempor Street|410|20/04/2021
600|Tapicerowanie|Auto-Man|P.O. Box 514, 3648 Vehicula Street|96|17/04/2021
601|Lakierowanie|Auto-Man|429-3300 Pharetra. Road|883|16/05/2020
602|Wymiana Czesci|Auto-Max|Ap #815-7405 Eu, Rd.|60|20/11/2020
603|Tapicerowanie|Serwis samochodowy M4K|Ap #730-6815 Lectus, Av.|853|21/06/2019
604|Wymiana Czesci|Auto-Man|7885 Egestas St.|113|08/12/2019
605|Wymiana Opon|Auto-Man|684-385 Fringilla Road|304|28/02/2021
606|Naprawa|Serwis samochodowy M4K|P.O. Box 702, 7535 Lorem, Avenue|137|13/03/2020
607|Wymiana Czesci|Serwis samochodowy M4K|5129 Neque Ave|615|20/09/2019
608|Wymiana Czesci|Auto-Max|P.O. Box 364, 7473 Velit St.|938|08/06/2019
609|Lakierowanie|Auto-Man|1513 Tempus Street|199|11/02/2021
610|Wymiana Czesci|ASO|153-7512 Interdum. Rd.|772|25/02/2020
611|Wymiana Czesci|Auto-Max|Ap #627-2986 Adipiscing Avenue|34|18/04/2020
612|Wymiana Opon|Serwis samochodowy M4K|P.O. Box 297, 1423 Cum St.|301|13/11/2020
613|Naprawa|Auto-Man|252 In Street|321|14/07/2019
614|Tapicerowanie|Auto-Man|626-4405 Lacus Avenue|144|06/04/2020
615|Lakierowanie|Auto-Man|Ap #511-917 Lorem Avenue|943|24/04/2020
616|Wymiana Opon|Serwis samochodowy M4K|7231 Lectus. Rd.|922|15/04/2021
617|Wymiana Czesci|Auto-Man|P.O. Box 175, 2608 Amet, Ave|324|05/06/2020
618|Lakierowanie|Auto-Man|P.O. Box 335, 5689 Est Ave|682|13/09/2019
619|Lakierowanie|ASO|734-4943 Mauris Av.|883|02/01/2020
620|Wymiana Opon|ASO|P.O. Box 859, 1880 Aliquam Av.|679|04/06/2019
621|Wymiana Czesci|Auto-Max|P.O. Box 969, 8317 At, Rd.|420|21/08/2020
622|Wymiana Czesci|Auto-Man|2378 Scelerisque St.|4|07/03/2020
623|Tapicerowanie|Auto-Man|381-5830 Non, Ave|486|29/07/2020
624|Lakierowanie|ASO|2349 A, St.|707|28/11/2019
625|Wymiana Opon|Auto-Max|P.O. Box 862, 7373 Magna. Avenue|245|29/10/2019
626|Wymiana Opon|Auto-Max|P.O. Box 163, 7356 Lorem Ave|829|29/12/2019
627|Naprawa|Serwis samochodowy M4K|P.O. Box 456, 6409 Amet, St.|816|18/07/2019
628|Lakierowanie|Serwis samochodowy M4K|Ap #579-9945 Urna, Rd.|684|23/11/2020
629|Lakierowanie|Auto-Man|376-1384 Etiam Road|987|05/05/2021
630|Naprawa|Auto-Man|7909 Lorem. Av.|394|14/02/2020
631|Wymiana Opon|ASO|6213 Arcu. Road|357|18/02/2020
632|Lakierowanie|Auto-Max|Ap #410-4323 Mi Street|416|27/02/2020
633|Tapicerowanie|ASO|P.O. Box 768, 2533 Ut Rd.|80|07/08/2019
634|Lakierowanie|Auto-Max|P.O. Box 689, 4449 Vitae St.|223|14/09/2020
635|Tapicerowanie|Serwis samochodowy M4K|Ap #507-9710 Pellentesque, Ave|46|13/04/2020
636|Wymiana Czesci|ASO|206 Aliquam St.|345|30/01/2020
637|Tapicerowanie|Auto-Man|Ap #308-9078 Quis St.|193|09/09/2020
638|Wymiana Czesci|Serwis samochodowy M4K|7438 Donec Ave|772|03/09/2019
639|Wymiana Opon|Auto-Max|6799 Aliquet Rd.|90|23/08/2020
640|Tapicerowanie|Auto-Man|Ap #201-3860 Quis, Av.|548|09/08/2020
641|Tapicerowanie|Auto-Max|P.O. Box 593, 9311 Penatibus Av.|456|12/05/2019
642|Naprawa|Auto-Man|924-7220 Nec Avenue|941|02/05/2020
643|Naprawa|Auto-Max|1536 Aliquam St.|509|24/09/2019
644|Naprawa|Serwis samochodowy M4K|8245 Arcu. Street|492|17/03/2021
645|Wymiana Opon|Auto-Man|2813 Vel Rd.|419|10/06/2019
646|Wymiana Opon|Auto-Max|7136 Parturient Rd.|517|14/07/2020
647|Lakierowanie|Serwis samochodowy M4K|8606 Nec Street|732|08/07/2019
648|Naprawa|Auto-Max|Ap #209-7649 Morbi Rd.|289|03/04/2021
649|Lakierowanie|ASO|835-9113 Id, Street|945|10/05/2019
650|Naprawa|Auto-Max|155 Mattis. Rd.|611|20/08/2020
651|Naprawa|Serwis samochodowy M4K|P.O. Box 936, 8675 Tortor, Road|456|11/06/2020
652|Wymiana Czesci|Auto-Max|Ap #150-7052 Interdum. Ave|953|07/01/2021
653|Wymiana Opon|Auto-Max|5794 Nunc Rd.|463|29/08/2019
654|Wymiana Czesci|ASO|P.O. Box 134, 6858 Elit. Avenue|183|05/03/2020
655|Lakierowanie|Auto-Max|3006 Integer Ave|904|22/03/2021
656|Naprawa|Serwis samochodowy M4K|P.O. Box 829, 7848 Integer Rd.|122|04/10/2020
657|Lakierowanie|ASO|841-394 Tellus Street|480|06/03/2020
658|Lakierowanie|Serwis samochodowy M4K|1065 Sagittis St.|843|14/08/2020
659|Lakierowanie|Auto-Max|683-9458 Velit. Rd.|332|01/05/2021
660|Wymiana Czesci|Auto-Man|6051 Nec, Rd.|542|29/03/2021
661|Wymiana Opon|ASO|P.O. Box 190, 7150 Non Rd.|546|16/10/2020
662|Lakierowanie|Auto-Max|Ap #640-9734 Pellentesque Av.|73|08/06/2020
663|Wymiana Czesci|Auto-Man|Ap #355-9584 Erat Rd.|312|03/02/2020
664|Lakierowanie|Serwis samochodowy M4K|5817 Varius Ave|163|26/09/2020
665|Naprawa|Auto-Man|Ap #210-6757 Imperdiet Av.|449|01/04/2020
666|Wymiana Czesci|ASO|Ap #815-6712 At Avenue|278|31/10/2020
667|Tapicerowanie|Auto-Max|Ap #340-4640 Maecenas St.|548|19/02/2021
668|Naprawa|Serwis samochodowy M4K|P.O. Box 216, 8175 Mauris Av.|230|02/10/2020
669|Tapicerowanie|Auto-Max|Ap #172-2679 Odio. St.|106|17/05/2019
670|Naprawa|Serwis samochodowy M4K|P.O. Box 674, 2795 Augue Street|713|24/03/2020
671|Lakierowanie|Serwis samochodowy M4K|849-7171 Id, Rd.|52|08/09/2019
672|Lakierowanie|Auto-Man|475-5806 Nunc Avenue|414|08/05/2021
673|Wymiana Czesci|ASO|995 Mauris Ave|345|06/05/2020
674|Lakierowanie|Auto-Man|418-1231 Ut Av.|333|10/10/2019
675|Lakierowanie|Auto-Max|693-6458 Libero St.|759|03/11/2019
676|Wymiana Opon|Auto-Man|P.O. Box 105, 6241 Vel Road|846|27/10/2020
677|Tapicerowanie|Serwis samochodowy M4K|Ap #197-5599 Interdum St.|908|02/01/2020
678|Wymiana Opon|Auto-Man|5110 Nam Road|36|14/09/2019
679|Naprawa|Auto-Max|P.O. Box 838, 5742 Magnis St.|49|20/03/2020
680|Wymiana Opon|ASO|P.O. Box 983, 5823 Posuere St.|388|12/09/2019
681|Wymiana Opon|Auto-Man|982-1723 Nullam St.|875|31/03/2021
682|Lakierowanie|ASO|Ap #565-6385 Leo. Road|881|22/05/2020
683|Wymiana Czesci|Auto-Max|P.O. Box 284, 9104 Amet, St.|298|12/11/2019
684|Lakierowanie|Auto-Man|3537 Donec St.|395|13/05/2019
685|Wymiana Czesci|Auto-Man|366-136 Sodales. Ave|468|11/04/2021
686|Wymiana Czesci|Auto-Max|Ap #480-6373 Sapien Street|254|31/10/2020
687|Lakierowanie|Auto-Max|9950 Nam Road|380|05/06/2020
688|Tapicerowanie|Auto-Max|P.O. Box 908, 7837 Risus Av.|320|23/01/2021
689|Lakierowanie|Auto-Man|455-3644 Nullam Road|856|04/12/2019
690|Lakierowanie|ASO|P.O. Box 850, 9870 Curae Avenue|895|23/02/2021
691|Wymiana Czesci|Auto-Man|P.O. Box 589, 4448 Ligula Rd.|480|27/01/2020
692|Wymiana Czesci|Serwis samochodowy M4K|P.O. Box 161, 813 Lectus Av.|810|20/02/2021
693|Lakierowanie|Auto-Max|773-1423 Odio. Ave|765|03/10/2020
694|Tapicerowanie|ASO|983-4571 Malesuada Rd.|858|11/02/2020
695|Wymiana Opon|Serwis samochodowy M4K|2580 Vestibulum Av.|910|01/01/2020
696|Tapicerowanie|ASO|Ap #176-6218 Eu Road|238|01/10/2019
697|Naprawa|Serwis samochodowy M4K|468-3620 Aliquet Rd.|357|16/03/2021
698|Tapicerowanie|ASO|Ap #614-3123 Ipsum Rd.|965|06/03/2021
699|Tapicerowanie|Auto-Man|P.O. Box 372, 9601 Placerat Rd.|300|05/01/2021
700|Naprawa|Auto-Max|137-3149 Urna Ave|948|07/08/2019
701|Wymiana Opon|Serwis samochodowy M4K|7170 Diam St.|780|26/01/2021
702|Tapicerowanie|ASO|1873 Tortor St.|115|28/05/2020
703|Lakierowanie|ASO|P.O. Box 665, 125 Dictum St.|555|25/05/2019
704|Tapicerowanie|Serwis samochodowy M4K|Ap #971-7451 Lacus Road|379|25/10/2019
705|Naprawa|ASO|P.O. Box 898, 4037 Ipsum Av.|820|07/01/2021
706|Wymiana Opon|Auto-Man|Ap #175-7858 Bibendum Avenue|453|21/11/2019
707|Naprawa|Auto-Max|3063 Ac Rd.|302|30/06/2020
708|Naprawa|Auto-Max|118-4190 Imperdiet Rd.|426|06/03/2021
709|Tapicerowanie|ASO|Ap #597-7793 Magnis Avenue|561|03/02/2021
710|Wymiana Opon|Auto-Max|Ap #167-762 Vestibulum Rd.|609|24/05/2019
711|Naprawa|ASO|Ap #554-3524 Duis St.|363|09/09/2020
712|Wymiana Czesci|ASO|P.O. Box 973, 4230 Sit Road|937|17/08/2020
713|Naprawa|Auto-Max|P.O. Box 602, 3057 Placerat, Av.|149|02/03/2021
714|Wymiana Opon|ASO|779-7253 Class Street|206|18/04/2020
715|Lakierowanie|Serwis samochodowy M4K|P.O. Box 456, 5025 Nunc Road|439|04/04/2021
716|Wymiana Czesci|ASO|5076 Varius Rd.|450|28/02/2021
717|Naprawa|Serwis samochodowy M4K|Ap #930-8616 Diam St.|80|10/08/2019
718|Wymiana Czesci|Auto-Max|Ap #196-3295 Penatibus Ave|180|03/05/2021
719|Wymiana Czesci|ASO|171-8820 Consequat Avenue|535|01/01/2021
720|Tapicerowanie|Auto-Man|4522 Ac St.|305|04/04/2021
721|Naprawa|ASO|7525 Varius. St.|269|15/03/2021
722|Wymiana Czesci|ASO|P.O. Box 319, 9369 Enim Rd.|163|05/08/2020
723|Wymiana Czesci|Auto-Man|P.O. Box 769, 7600 Morbi Rd.|125|18/12/2020
724|Tapicerowanie|Auto-Man|Ap #514-6293 Sed Avenue|865|24/06/2020
725|Lakierowanie|Serwis samochodowy M4K|Ap #720-8933 Vitae St.|934|15/05/2020
726|Naprawa|Auto-Man|P.O. Box 293, 4417 Non, Ave|575|18/09/2020
727|Tapicerowanie|Serwis samochodowy M4K|760-3535 Non, Av.|552|20/07/2019
728|Tapicerowanie|Serwis samochodowy M4K|P.O. Box 483, 4852 Urna Rd.|321|15/09/2019
729|Naprawa|Auto-Man|Ap #299-1484 Inceptos Rd.|790|01/01/2020
730|Lakierowanie|ASO|870-9190 Urna. St.|948|13/07/2020
731|Wymiana Opon|Serwis samochodowy M4K|Ap #583-7238 Etiam St.|9|12/07/2019
732|Lakierowanie|ASO|943 Nam Rd.|31|05/04/2021
733|Tapicerowanie|ASO|360-1776 Quam, Ave|895|25/07/2019
734|Lakierowanie|Serwis samochodowy M4K|P.O. Box 572, 1483 Mus. Av.|835|20/03/2021
735|Naprawa|ASO|Ap #532-7655 Eu, Street|667|08/08/2020
736|Wymiana Czesci|ASO|392-3876 Magnis Rd.|798|30/04/2021
737|Lakierowanie|ASO|848 Libero Avenue|409|17/03/2021
738|Tapicerowanie|Auto-Man|P.O. Box 334, 6916 Dui Rd.|626|13/07/2019
739|Lakierowanie|Auto-Max|3267 Aliquam St.|775|28/09/2020
740|Wymiana Opon|ASO|Ap #797-8121 Lacinia St.|333|22/01/2021
741|Tapicerowanie|Auto-Max|280-336 Sagittis St.|927|17/03/2021
742|Lakierowanie|Auto-Man|770-5309 Quam. Rd.|36|07/08/2019
743|Lakierowanie|Auto-Man|909-2590 Cursus St.|777|24/05/2019
744|Wymiana Czesci|Auto-Max|136-8367 Mauris Avenue|975|06/08/2020
745|Wymiana Czesci|ASO|Ap #834-3753 Ullamcorper. Street|503|25/06/2019
746|Lakierowanie|Serwis samochodowy M4K|718-7907 Massa. Rd.|844|17/01/2020
747|Wymiana Czesci|Auto-Man|3659 Elit. Rd.|788|30/01/2021
748|Wymiana Opon|Auto-Max|Ap #150-7798 Eu Road|452|02/06/2020
749|Lakierowanie|Auto-Man|P.O. Box 296, 1262 Eros Rd.|742|26/12/2020
750|Lakierowanie|ASO|8555 At Avenue|438|23/03/2020
751|Naprawa|ASO|P.O. Box 376, 2023 Posuere Road|963|15/04/2021
752|Naprawa|Serwis samochodowy M4K|P.O. Box 221, 7234 Lacus. Road|5|20/08/2019
753|Naprawa|ASO|P.O. Box 697, 1671 Duis St.|318|28/02/2020
754|Tapicerowanie|Auto-Man|P.O. Box 392, 4483 Sodales Ave|749|01/10/2020
755|Naprawa|Auto-Man|P.O. Box 912, 9410 Non, Av.|370|02/10/2020
756|Wymiana Czesci|ASO|501 Ac, Road|542|17/10/2020
757|Wymiana Opon|ASO|2314 Curae Street|203|23/06/2020
758|Wymiana Czesci|Serwis samochodowy M4K|Ap #716-3344 Ligula. Avenue|660|15/04/2020
759|Lakierowanie|ASO|P.O. Box 434, 6332 Ante. Street|493|21/03/2020
760|Wymiana Czesci|ASO|Ap #214-8683 A, Road|60|22/05/2019
761|Lakierowanie|Auto-Man|P.O. Box 766, 5003 Odio St.|187|26/02/2021
762|Wymiana Opon|Auto-Man|Ap #676-9635 A Avenue|758|22/05/2020
763|Naprawa|Auto-Max|323-2037 Pharetra Rd.|465|18/12/2019
764|Tapicerowanie|Auto-Man|695-3293 Nec Av.|906|21/07/2019
765|Wymiana Opon|Auto-Man|Ap #628-7023 Rutrum Road|932|07/10/2019
766|Wymiana Czesci|ASO|8978 Euismod Street|686|29/03/2021
767|Lakierowanie|Auto-Max|6618 Sed Rd.|187|02/11/2019
768|Lakierowanie|ASO|Ap #202-8456 Amet Road|208|29/03/2020
769|Wymiana Opon|Auto-Man|P.O. Box 261, 4556 Vitae Road|346|11/06/2019
770|Tapicerowanie|Auto-Man|2032 Tempor Av.|338|06/09/2020
771|Naprawa|Auto-Man|P.O. Box 440, 9374 Mi Ave|501|11/12/2019
772|Wymiana Opon|Serwis samochodowy M4K|Ap #194-3399 Metus. St.|694|07/04/2020
773|Tapicerowanie|ASO|P.O. Box 815, 5973 Fringilla St.|43|24/10/2020
774|Lakierowanie|Auto-Man|Ap #670-5144 Rhoncus. Rd.|371|21/04/2020
775|Tapicerowanie|ASO|Ap #732-3797 Leo. Rd.|236|07/11/2020
776|Lakierowanie|Auto-Man|P.O. Box 905, 8701 Dolor, St.|832|11/05/2019
777|Naprawa|Auto-Max|P.O. Box 744, 6187 Dictum Road|497|18/05/2019
778|Tapicerowanie|Auto-Max|Ap #260-5057 Etiam Rd.|692|18/02/2020
779|Lakierowanie|ASO|265-4314 Felis, St.|561|24/01/2021
780|Wymiana Czesci|ASO|P.O. Box 315, 6050 In Road|645|20/05/2019
781|Naprawa|ASO|787-7391 Elit St.|247|18/09/2019
782|Tapicerowanie|Serwis samochodowy M4K|5273 A St.|647|02/03/2021
783|Wymiana Czesci|Auto-Man|900-2540 Fames St.|107|03/01/2021
784|Naprawa|Auto-Max|Ap #853-917 Phasellus St.|530|20/09/2019
785|Tapicerowanie|ASO|Ap #934-9407 Mauris Av.|498|13/06/2020
786|Tapicerowanie|Serwis samochodowy M4K|4009 Orci St.|423|04/03/2021
787|Lakierowanie|Serwis samochodowy M4K|P.O. Box 724, 5615 Mauris St.|155|13/10/2020
788|Lakierowanie|Auto-Man|Ap #904-5929 Consectetuer, Ave|431|06/09/2019
789|Tapicerowanie|Auto-Man|P.O. Box 848, 4495 Cras Ave|897|22/09/2020
790|Tapicerowanie|Serwis samochodowy M4K|P.O. Box 739, 3729 Eleifend. St.|819|13/02/2021
791|Lakierowanie|Serwis samochodowy M4K|4759 Tristique Road|861|05/04/2020
792|Wymiana Czesci|Serwis samochodowy M4K|688-3056 Nunc Road|132|26/07/2020
793|Naprawa|Auto-Max|P.O. Box 257, 2370 Scelerisque Avenue|915|28/10/2019
794|Wymiana Czesci|ASO|P.O. Box 306, 9611 Porttitor St.|271|30/08/2019
795|Naprawa|Auto-Man|P.O. Box 929, 9376 Congue. Ave|803|03/10/2019
796|Wymiana Czesci|Auto-Man|P.O. Box 938, 1383 Volutpat. Rd.|455|26/01/2021
797|Naprawa|Auto-Man|Ap #586-6381 Turpis Street|333|21/06/2019
798|Naprawa|Auto-Man|528-7443 Sit St.|222|21/06/2019
799|Wymiana Czesci|Auto-Man|P.O. Box 363, 3736 Ac, St.|634|18/12/2020
800|Wymiana Czesci|Serwis samochodowy M4K|655-669 Egestas Ave|907|12/12/2019
801|Tapicerowanie|Auto-Man|Ap #955-9049 Magna. Rd.|494|25/01/2021
802|Wymiana Czesci|Auto-Man|Ap #343-5538 Dui, Rd.|268|12/09/2020
803|Wymiana Czesci|ASO|P.O. Box 658, 3823 Vel St.|861|02/05/2020
804|Naprawa|Serwis samochodowy M4K|Ap #630-8010 Mi Road|372|05/11/2020
805|Wymiana Opon|Serwis samochodowy M4K|Ap #358-1414 Ultricies Ave|893|03/12/2020
806|Lakierowanie|Auto-Man|P.O. Box 814, 5236 Eget Rd.|301|01/11/2019
807|Lakierowanie|Auto-Man|767-5947 Cras Av.|941|23/06/2019
808|Naprawa|Auto-Man|2110 Urna Road|44|16/06/2019
809|Tapicerowanie|Serwis samochodowy M4K|Ap #862-4320 Nulla Street|139|09/04/2021
810|Wymiana Opon|ASO|Ap #271-1936 Interdum Rd.|441|26/06/2019
811|Wymiana Czesci|Auto-Man|P.O. Box 256, 2251 Tincidunt. Rd.|434|08/01/2021
812|Naprawa|Auto-Max|P.O. Box 790, 652 Magna. Avenue|166|26/11/2019
813|Wymiana Opon|Auto-Max|Ap #514-9530 Eu St.|407|14/01/2020
814|Tapicerowanie|Auto-Man|P.O. Box 962, 2315 Turpis. St.|506|20/05/2020
815|Tapicerowanie|Serwis samochodowy M4K|9928 Mauris St.|226|07/09/2019
816|Lakierowanie|ASO|5758 Semper. Av.|971|08/08/2019
817|Lakierowanie|ASO|1032 Suspendisse Rd.|984|01/08/2019
818|Wymiana Opon|Serwis samochodowy M4K|6891 Ac Avenue|99|11/02/2021
819|Tapicerowanie|Serwis samochodowy M4K|5707 Ut St.|344|19/03/2020
820|Lakierowanie|Auto-Man|366-9782 Venenatis Road|258|28/04/2020
821|Tapicerowanie|Auto-Max|P.O. Box 483, 3663 Dolor. Rd.|22|14/07/2019
822|Lakierowanie|ASO|Ap #879-4156 Orci Ave|365|03/03/2021
823|Tapicerowanie|Auto-Max|Ap #714-9178 Risus. Av.|717|24/02/2021
824|Tapicerowanie|Auto-Max|822 Et Road|71|17/03/2021
825|Wymiana Czesci|Auto-Max|310-6877 Eget Av.|526|05/10/2020
826|Wymiana Czesci|Serwis samochodowy M4K|P.O. Box 482, 908 Pellentesque St.|169|16/02/2020
827|Naprawa|Auto-Max|Ap #614-3878 Ut St.|667|04/09/2020
828|Wymiana Czesci|Serwis samochodowy M4K|P.O. Box 529, 2753 Luctus. Ave|466|23/10/2019
829|Wymiana Opon|Auto-Max|Ap #752-594 Enim Ave|146|23/05/2019
830|Wymiana Czesci|Auto-Man|690-8209 Est, St.|948|11/12/2020
831|Wymiana Opon|Auto-Man|Ap #552-7644 Nonummy. Rd.|183|06/05/2020
832|Naprawa|Serwis samochodowy M4K|P.O. Box 541, 1356 Erat. St.|342|16/01/2021
833|Wymiana Opon|ASO|Ap #887-1639 Lectus St.|937|13/08/2020
834|Naprawa|Serwis samochodowy M4K|685-8922 Sem Avenue|777|01/07/2019
835|Tapicerowanie|Auto-Man|8164 Semper Rd.|875|05/06/2019
836|Wymiana Opon|ASO|803-6577 Tellus Avenue|95|02/01/2020
837|Naprawa|Auto-Man|118 Nullam Rd.|514|24/05/2019
838|Lakierowanie|Auto-Man|270-9913 Ante. Rd.|477|29/03/2021
839|Naprawa|Auto-Max|Ap #808-6945 Sed Road|732|19/02/2021
840|Tapicerowanie|Serwis samochodowy M4K|P.O. Box 665, 5595 Nec Av.|138|12/11/2020
841|Wymiana Czesci|ASO|Ap #227-5978 Et St.|907|01/10/2020
842|Lakierowanie|Auto-Max|P.O. Box 441, 2639 Augue Rd.|986|09/05/2019
843|Naprawa|Serwis samochodowy M4K|P.O. Box 172, 8373 Donec Av.|299|18/01/2021
844|Wymiana Opon|Auto-Man|P.O. Box 250, 7303 Metus. Street|836|22/09/2020
845|Tapicerowanie|ASO|Ap #342-7637 Et St.|294|24/12/2020
846|Naprawa|ASO|5702 Non Road|585|10/04/2021
847|Wymiana Czesci|Serwis samochodowy M4K|Ap #500-2387 Ac Av.|713|14/10/2019
848|Lakierowanie|ASO|P.O. Box 150, 5526 Dictum Avenue|623|23/03/2021
849|Tapicerowanie|Auto-Max|Ap #995-9787 Iaculis Street|38|04/11/2020
850|Lakierowanie|ASO|Ap #178-1090 Parturient Ave|434|28/09/2020
851|Naprawa|ASO|P.O. Box 673, 3145 Diam. Street|484|26/06/2020
852|Wymiana Opon|Auto-Max|Ap #868-8096 Auctor Road|229|26/12/2020
853|Tapicerowanie|Auto-Man|P.O. Box 418, 4853 Dolor Avenue|375|23/11/2020
854|Naprawa|Auto-Man|Ap #896-3527 Vestibulum. Av.|64|28/09/2019
855|Naprawa|ASO|P.O. Box 949, 3077 Est Street|392|02/09/2019
856|Lakierowanie|Serwis samochodowy M4K|P.O. Box 691, 1960 Nunc Road|596|16/07/2019
857|Wymiana Opon|Serwis samochodowy M4K|P.O. Box 457, 2654 Cursus Av.|824|07/02/2021
858|Wymiana Opon|ASO|9552 Sed Avenue|930|13/10/2020
859|Naprawa|Serwis samochodowy M4K|Ap #415-8043 Neque St.|672|07/01/2021
860|Wymiana Opon|Auto-Max|P.O. Box 215, 1306 Sociis Rd.|464|31/08/2019
861|Naprawa|ASO|599-1996 Elementum Road|879|16/03/2020
862|Wymiana Czesci|Auto-Man|2173 Donec St.|315|06/05/2021
863|Lakierowanie|Auto-Max|Ap #959-4490 Tincidunt, Road|689|24/05/2019
864|Tapicerowanie|Auto-Max|549-7205 Consectetuer Street|548|21/02/2020
865|Tapicerowanie|Auto-Man|Ap #632-3246 Non St.|636|25/04/2020
866|Tapicerowanie|Auto-Man|P.O. Box 951, 1552 Amet St.|114|24/11/2020
867|Wymiana Opon|Auto-Man|5093 Nisi Av.|694|12/05/2019
868|Lakierowanie|ASO|842-1838 Nec Rd.|635|05/10/2020
869|Naprawa|Serwis samochodowy M4K|2090 Imperdiet Rd.|169|26/06/2020
870|Wymiana Czesci|Serwis samochodowy M4K|1854 Diam St.|110|22/01/2021
871|Naprawa|Auto-Man|Ap #541-5167 Pellentesque St.|578|18/07/2020
872|Naprawa|Auto-Man|P.O. Box 131, 9412 Vel, Street|845|28/02/2021
873|Tapicerowanie|ASO|Ap #802-2667 Nulla Rd.|524|17/06/2020
874|Wymiana Czesci|Serwis samochodowy M4K|Ap #926-3685 Justo Rd.|311|07/12/2020
875|Tapicerowanie|ASO|304-4751 Accumsan Av.|127|02/06/2019
876|Naprawa|Serwis samochodowy M4K|197-2285 Urna. Street|912|26/06/2020
877|Wymiana Czesci|ASO|799 Malesuada. St.|317|17/01/2020
878|Wymiana Opon|Serwis samochodowy M4K|Ap #343-4490 Porttitor Rd.|475|03/10/2020
879|Wymiana Czesci|Serwis samochodowy M4K|534 Feugiat Rd.|551|09/10/2019
880|Wymiana Czesci|Auto-Man|9988 Magna Rd.|325|22/11/2020
881|Wymiana Czesci|Serwis samochodowy M4K|Ap #921-262 Sed St.|192|09/01/2021
882|Wymiana Opon|Auto-Max|248-276 Semper, Avenue|273|12/07/2019
883|Naprawa|Auto-Max|P.O. Box 354, 8092 Consequat, St.|1|22/05/2019
884|Lakierowanie|ASO|P.O. Box 528, 2655 Nulla Street|619|28/04/2020
885|Wymiana Czesci|ASO|P.O. Box 890, 6550 Semper Street|971|24/04/2020
886|Tapicerowanie|ASO|Ap #437-2552 Vitae St.|794|10/03/2021
887|Tapicerowanie|Auto-Max|P.O. Box 393, 3245 Ligula St.|256|18/08/2020
888|Naprawa|Auto-Man|2454 Bibendum Av.|953|12/06/2020
889|Tapicerowanie|ASO|Ap #877-3325 Metus. Rd.|955|13/11/2020
890|Naprawa|Serwis samochodowy M4K|6028 Dolor Rd.|662|12/06/2019
891|Lakierowanie|Serwis samochodowy M4K|Ap #278-3523 Aliquet St.|419|06/06/2020
892|Naprawa|Serwis samochodowy M4K|Ap #684-5269 Lacinia St.|145|18/08/2019
893|Wymiana Czesci|Auto-Man|P.O. Box 788, 7067 Duis St.|850|30/01/2020
894|Naprawa|Auto-Max|772-6289 Mauris St.|142|25/11/2019
895|Wymiana Czesci|Auto-Man|P.O. Box 472, 8674 Rutrum St.|473|02/07/2020
896|Wymiana Czesci|ASO|127-2318 Neque St.|284|05/03/2021
897|Lakierowanie|Serwis samochodowy M4K|P.O. Box 258, 6869 Felis Street|530|29/03/2020
898|Naprawa|ASO|P.O. Box 647, 1505 Et, Rd.|1|20/10/2020
899|Naprawa|ASO|808-6936 Quisque Av.|752|22/09/2020
900|Naprawa|ASO|7374 Velit Rd.|705|17/08/2020
901|Lakierowanie|Serwis samochodowy M4K|9053 Etiam Av.|937|24/10/2019
902|Wymiana Opon|Auto-Man|401-7174 Vel, Street|627|09/01/2021
903|Tapicerowanie|Auto-Max|Ap #545-4030 Neque. Rd.|389|30/07/2019
904|Wymiana Czesci|Auto-Max|3662 Nunc. Road|787|28/01/2021
905|Lakierowanie|Serwis samochodowy M4K|Ap #314-6907 Sit Av.|952|24/05/2020
906|Wymiana Opon|Auto-Max|Ap #159-7870 Curabitur St.|985|12/01/2021
907|Wymiana Czesci|Auto-Max|856-8412 A St.|853|24/03/2020
908|Naprawa|Serwis samochodowy M4K|698-5347 Pharetra, St.|295|01/09/2020
909|Wymiana Opon|Serwis samochodowy M4K|Ap #452-6974 Eget Ave|698|17/01/2020
910|Naprawa|ASO|P.O. Box 499, 3635 Sed, Rd.|958|06/05/2020
911|Naprawa|ASO|Ap #763-6427 Velit. Avenue|803|05/07/2020
912|Lakierowanie|Auto-Max|P.O. Box 780, 8040 Sed St.|207|23/03/2020
913|Wymiana Opon|ASO|Ap #915-9402 Cum Rd.|950|05/12/2019
914|Wymiana Czesci|ASO|Ap #412-4295 Aenean St.|216|07/08/2020
915|Naprawa|ASO|P.O. Box 770, 6820 Donec St.|534|01/01/2020
916|Tapicerowanie|ASO|972-5343 Proin Ave|930|27/04/2021
917|Tapicerowanie|ASO|8222 Nunc Av.|978|02/02/2020
918|Wymiana Czesci|Auto-Man|Ap #166-2631 Et, Avenue|395|29/08/2019
919|Lakierowanie|Auto-Man|Ap #340-5476 Ornare, Av.|894|23/04/2020
920|Wymiana Opon|ASO|P.O. Box 906, 8863 Ac, Rd.|58|01/05/2020
921|Lakierowanie|Auto-Max|Ap #214-860 Nisl. Avenue|521|02/06/2019
922|Naprawa|Serwis samochodowy M4K|871-5116 Sed St.|687|10/08/2020
923|Lakierowanie|Serwis samochodowy M4K|Ap #939-7186 Nam Rd.|57|08/03/2020
924|Tapicerowanie|ASO|299-6900 Vel Ave|989|04/04/2021
925|Lakierowanie|Auto-Max|P.O. Box 747, 984 Vehicula. Road|993|31/08/2020
926|Naprawa|Auto-Max|147-6093 Magna, Av.|115|03/12/2019
927|Tapicerowanie|ASO|P.O. Box 156, 7017 Integer Street|453|22/09/2019
928|Naprawa|ASO|5955 Nunc Rd.|887|11/12/2019
929|Tapicerowanie|Auto-Man|P.O. Box 200, 2855 Integer Ave|537|06/07/2020
930|Wymiana Czesci|ASO|P.O. Box 934, 7996 Sed Road|269|08/03/2021
931|Naprawa|Auto-Man|Ap #808-2032 Sollicitudin Rd.|805|15/05/2020
932|Lakierowanie|Auto-Max|Ap #696-4906 Nec Avenue|731|27/02/2020
933|Naprawa|ASO|P.O. Box 838, 3035 Ut Rd.|606|20/02/2021
934|Lakierowanie|Serwis samochodowy M4K|Ap #686-446 Egestas Ave|164|21/03/2020
935|Wymiana Czesci|Serwis samochodowy M4K|Ap #446-6905 Mollis. Rd.|480|16/01/2020
936|Wymiana Czesci|Auto-Man|P.O. Box 804, 2844 Eget Road|881|02/07/2019
937|Naprawa|Auto-Max|Ap #789-9090 Vulputate, Street|605|09/03/2021
938|Lakierowanie|Serwis samochodowy M4K|950-5701 Lorem Street|348|19/03/2020
939|Lakierowanie|Serwis samochodowy M4K|Ap #329-2575 Proin St.|603|06/04/2021
940|Naprawa|Serwis samochodowy M4K|Ap #434-8235 Proin Av.|915|16/04/2020
941|Naprawa|Auto-Man|419-3687 Tellus Av.|592|11/01/2021
942|Lakierowanie|Auto-Man|7691 Dolor Ave|566|25/04/2021
943|Lakierowanie|Auto-Man|419-2569 Arcu. St.|398|15/12/2020
944|Wymiana Czesci|Serwis samochodowy M4K|Ap #169-6601 Non, Street|112|16/08/2019
945|Tapicerowanie|Auto-Max|4519 Ut, Avenue|296|05/07/2020
946|Wymiana Opon|Auto-Max|Ap #301-5409 Ornare, St.|491|13/12/2019
947|Tapicerowanie|Auto-Man|Ap #888-5546 Curabitur Street|133|10/04/2020
948|Lakierowanie|ASO|8255 Consectetuer Rd.|742|12/11/2019
949|Tapicerowanie|Serwis samochodowy M4K|808-1310 Arcu. Avenue|98|26/05/2020
950|Wymiana Opon|Serwis samochodowy M4K|354-5976 Luctus Avenue|345|03/08/2020
951|Tapicerowanie|Serwis samochodowy M4K|P.O. Box 186, 1934 Auctor Rd.|339|29/04/2021
952|Lakierowanie|Auto-Max|297-1041 Aenean Road|830|24/06/2020
953|Tapicerowanie|Auto-Man|6873 Risus Ave|396|04/01/2020
954|Tapicerowanie|Auto-Max|587-7455 Dolor Avenue|956|26/03/2020
955|Tapicerowanie|Auto-Max|3168 Facilisis, Street|309|28/05/2019
956|Tapicerowanie|ASO|Ap #773-7180 Dui Avenue|873|16/09/2019
957|Naprawa|Auto-Man|P.O. Box 776, 8138 Natoque Rd.|458|25/12/2020
958|Lakierowanie|Serwis samochodowy M4K|Ap #948-5052 In Street|946|30/05/2019
959|Lakierowanie|ASO|Ap #591-8460 Sem, Ave|110|22/01/2020
960|Wymiana Czesci|Auto-Max|428-7298 Hendrerit Av.|971|12/02/2020
961|Naprawa|Auto-Man|P.O. Box 569, 5781 Ipsum Road|350|13/01/2021
962|Naprawa|Auto-Man|Ap #415-1869 Nibh. St.|626|11/10/2020
963|Wymiana Opon|Auto-Max|3434 Malesuada. Av.|86|26/03/2021
964|Wymiana Czesci|Serwis samochodowy M4K|Ap #740-5264 Enim Road|859|03/02/2021
965|Lakierowanie|Auto-Max|194-8196 Quis St.|784|24/06/2020
966|Wymiana Opon|Serwis samochodowy M4K|5157 Gravida Avenue|560|30/03/2021
967|Wymiana Czesci|ASO|P.O. Box 875, 8073 Semper Rd.|587|03/09/2019
968|Naprawa|Auto-Max|P.O. Box 303, 8261 Cras Road|784|04/02/2020
969|Naprawa|ASO|P.O. Box 742, 2319 Nam Street|201|21/08/2020
970|Lakierowanie|ASO|6836 Fringilla, Av.|898|05/10/2020
971|Lakierowanie|Serwis samochodowy M4K|883-6701 Nam Rd.|110|21/11/2019
972|Wymiana Czesci|Auto-Man|Ap #559-8800 Sed Rd.|833|15/06/2019
973|Wymiana Czesci|Auto-Max|3451 Enim Rd.|351|05/04/2021
974|Wymiana Czesci|Serwis samochodowy M4K|P.O. Box 644, 5887 Tellus St.|566|18/03/2021
975|Tapicerowanie|Auto-Max|P.O. Box 308, 8677 Dis Av.|367|27/02/2020
976|Tapicerowanie|Serwis samochodowy M4K|Ap #586-2115 Eu Street|970|02/09/2019
977|Tapicerowanie|Auto-Max|270-4774 Integer Road|963|11/08/2019
978|Lakierowanie|Auto-Max|P.O. Box 383, 1374 Eleifend. St.|786|13/01/2021
979|Naprawa|Auto-Max|9099 Tempor Street|648|21/12/2019
980|Lakierowanie|Auto-Max|P.O. Box 563, 1210 Tellus St.|390|27/02/2020
981|Tapicerowanie|Serwis samochodowy M4K|Ap #673-6805 Erat. Rd.|823|21/02/2021
982|Wymiana Opon|Auto-Max|5084 Non, Av.|998|16/08/2020
983|Lakierowanie|Serwis samochodowy M4K|3602 Tellus, Avenue|320|02/07/2019
984|Wymiana Opon|ASO|P.O. Box 620, 2507 Augue, Rd.|741|05/10/2019
985|Naprawa|Serwis samochodowy M4K|712-552 Ac, Rd.|1000|26/02/2020
986|Wymiana Czesci|Auto-Man|989-5927 Nascetur Street|242|20/04/2021
987|Wymiana Opon|Serwis samochodowy M4K|P.O. Box 582, 3873 Proin Av.|954|28/03/2020
988|Lakierowanie|Auto-Max|Ap #389-6993 Eget Street|905|03/02/2020
989|Wymiana Czesci|Serwis samochodowy M4K|P.O. Box 617, 576 Sagittis. Road|160|15/04/2020
990|Lakierowanie|Auto-Max|P.O. Box 941, 2726 Eu St.|793|18/09/2020
991|Tapicerowanie|Auto-Max|230-6175 Tempus Av.|534|02/06/2020
992|Naprawa|Serwis samochodowy M4K|Ap #556-6760 Blandit St.|264|01/08/2020
993|Naprawa|Serwis samochodowy M4K|481-4213 Tempus Road|32|05/03/2021
994|Tapicerowanie|Serwis samochodowy M4K|Ap #914-8644 Varius Street|287|25/02/2020
995|Naprawa|Serwis samochodowy M4K|447-8069 Nonummy St.|28|04/11/2020
996|Tapicerowanie|Auto-Man|186-2116 Sollicitudin Rd.|730|14/05/2019
997|Tapicerowanie|Auto-Man|324-1916 Id Rd.|387|11/11/2020
998|Lakierowanie|ASO|Ap #666-6953 Lacus. Ave|47|19/07/2019
999|Wymiana Czesci|Auto-Man|196-3937 Risus. Ave|230|01/12/2020
1000|Wymiana Opon|Auto-Max|5311 Sit St.|496|14/09/2019
